AgentID,pause_dur
Larva_1,0.25
Larva_1,0.125
Larva_1,0.3125
Larva_1,0.25
Larva_1,0.25
Larva_1,1.125
Larva_1,0.6875
Larva_1,0.125
Larva_1,0.125
Larva_1,0.875
Larva_1,0.125
Larva_10,0.4375
Larva_10,0.625
Larva_10,0.25
Larva_10,0.5
Larva_10,0.5
Larva_10,0.8125
Larva_10,0.875
Larva_10,0.625
Larva_10,0.1875
Larva_10,0.1875
Larva_10,0.25
Larva_10,1.5625
Larva_10,0.875
Larva_10,0.125
Larva_10,0.1875
Larva_10,0.125
Larva_10,0.625
Larva_10,0.4375
Larva_10,0.125
Larva_10,0.3125
Larva_100,0.125
Larva_100,0.1875
Larva_100,0.1875
Larva_100,0.25
Larva_100,0.125
Larva_100,0.4375
Larva_100,0.1875
Larva_100,0.3125
Larva_100,0.1875
Larva_100,0.125
Larva_100,0.1875
Larva_100,0.1875
Larva_100,0.875
Larva_100,0.125
Larva_100,0.4375
Larva_100,0.1875
Larva_100,0.125
Larva_100,0.3125
Larva_100,0.125
Larva_100,0.3125
Larva_101,0.1875
Larva_101,0.6875
Larva_101,0.5
Larva_101,0.375
Larva_101,0.125
Larva_101,0.4375
Larva_101,0.125
Larva_101,1.0
Larva_101,0.4375
Larva_101,0.3125
Larva_102,0.1875
Larva_102,0.9375
Larva_102,0.375
Larva_102,0.125
Larva_102,0.125
Larva_102,0.3125
Larva_102,0.125
Larva_102,0.1875
Larva_102,0.25
Larva_102,0.1875
Larva_102,0.125
Larva_102,0.1875
Larva_102,0.125
Larva_102,0.125
Larva_102,0.125
Larva_102,0.125
Larva_102,0.1875
Larva_102,0.1875
Larva_102,0.125
Larva_102,0.6875
Larva_104,0.125
Larva_104,0.125
Larva_104,0.125
Larva_104,0.125
Larva_104,1.125
Larva_104,0.25
Larva_106,1.4375
Larva_106,1.25
Larva_106,0.3125
Larva_106,0.1875
Larva_106,0.125
Larva_106,0.5625
Larva_106,1.25
Larva_106,0.6875
Larva_106,0.3125
Larva_106,0.3125
Larva_106,0.3125
Larva_106,1.0625
Larva_106,0.8125
Larva_106,0.1875
Larva_106,0.125
Larva_106,0.125
Larva_106,0.25
Larva_106,0.3125
Larva_106,0.25
Larva_106,0.125
Larva_106,1.0625
Larva_106,0.375
Larva_106,0.25
Larva_106,0.125
Larva_106,1.375
Larva_106,0.875
Larva_106,0.125
Larva_106,1.25
Larva_106,0.3125
Larva_106,0.125
Larva_106,0.25
Larva_107,0.125
Larva_107,0.375
Larva_107,0.1875
Larva_107,0.1875
Larva_107,0.5625
Larva_107,0.125
Larva_107,0.1875
Larva_107,0.4375
Larva_107,0.375
Larva_107,0.125
Larva_107,0.875
Larva_107,0.1875
Larva_107,0.25
Larva_108,0.1875
Larva_108,0.1875
Larva_108,0.125
Larva_108,0.1875
Larva_108,0.125
Larva_108,0.25
Larva_108,0.125
Larva_108,0.25
Larva_108,0.5625
Larva_108,0.125
Larva_108,0.3125
Larva_108,0.6875
Larva_109,0.9375
Larva_109,0.375
Larva_109,0.4375
Larva_109,0.1875
Larva_109,0.125
Larva_109,0.4375
Larva_109,0.5625
Larva_109,0.125
Larva_109,0.5
Larva_109,0.1875
Larva_109,0.9375
Larva_109,0.125
Larva_109,0.6875
Larva_109,0.25
Larva_109,0.25
Larva_109,0.25
Larva_109,0.3125
Larva_109,0.1875
Larva_109,0.1875
Larva_109,0.125
Larva_109,0.375
Larva_109,0.5625
Larva_109,1.3125
Larva_109,0.1875
Larva_109,1.125
Larva_109,0.125
Larva_109,0.125
Larva_109,1.125
Larva_109,0.1875
Larva_109,0.125
Larva_109,0.625
Larva_109,1.5
Larva_109,0.125
Larva_110,0.1875
Larva_110,0.125
Larva_110,0.5625
Larva_110,0.4375
Larva_110,0.125
Larva_110,0.375
Larva_110,0.375
Larva_110,0.25
Larva_110,0.125
Larva_110,0.1875
Larva_110,0.25
Larva_110,0.3125
Larva_110,0.1875
Larva_110,0.1875
Larva_110,0.1875
Larva_110,0.25
Larva_110,0.3125
Larva_110,0.1875
Larva_110,0.5
Larva_110,0.5
Larva_110,0.125
Larva_111,0.125
Larva_111,0.125
Larva_111,0.1875
Larva_111,0.125
Larva_112,0.125
Larva_112,0.4375
Larva_112,0.375
Larva_112,0.5
Larva_112,0.5625
Larva_112,0.125
Larva_112,0.125
Larva_112,0.4375
Larva_112,1.0625
Larva_112,0.125
Larva_112,0.125
Larva_112,0.125
Larva_112,0.25
Larva_112,0.125
Larva_112,0.125
Larva_114,0.5
Larva_114,0.3125
Larva_114,0.375
Larva_114,0.1875
Larva_114,0.125
Larva_114,0.125
Larva_114,0.125
Larva_114,0.8125
Larva_114,0.5625
Larva_114,0.125
Larva_114,0.25
Larva_114,0.1875
Larva_114,0.5
Larva_114,0.5
Larva_114,0.25
Larva_114,0.625
Larva_114,0.5
Larva_114,0.125
Larva_114,0.125
Larva_114,0.125
Larva_114,0.5
Larva_114,0.125
Larva_114,0.25
Larva_114,0.3125
Larva_114,0.1875
Larva_114,0.4375
Larva_114,2.1875
Larva_114,0.5
Larva_114,0.375
Larva_114,0.375
Larva_115,0.125
Larva_115,0.5
Larva_115,0.3125
Larva_115,0.125
Larva_115,0.375
Larva_115,1.0625
Larva_115,0.5625
Larva_115,0.375
Larva_115,0.125
Larva_115,0.5
Larva_115,0.1875
Larva_115,1.125
Larva_115,0.5
Larva_115,0.125
Larva_115,0.125
Larva_115,0.625
Larva_115,0.1875
Larva_115,0.375
Larva_115,0.5625
Larva_115,0.1875
Larva_115,0.125
Larva_115,0.5
Larva_115,0.4375
Larva_115,0.125
Larva_115,0.125
Larva_115,0.125
Larva_115,0.1875
Larva_115,1.0
Larva_115,0.25
Larva_115,1.625
Larva_115,0.125
Larva_115,0.125
Larva_115,0.3125
Larva_115,1.375
Larva_115,0.25
Larva_115,0.125
Larva_116,0.375
Larva_116,0.125
Larva_116,0.125
Larva_116,0.5625
Larva_116,0.125
Larva_116,0.25
Larva_116,0.1875
Larva_116,0.125
Larva_116,0.125
Larva_116,0.375
Larva_116,0.125
Larva_116,0.25
Larva_116,0.3125
Larva_116,0.25
Larva_116,0.125
Larva_116,0.3125
Larva_116,0.25
Larva_116,0.3125
Larva_116,0.25
Larva_116,0.1875
Larva_116,0.5625
Larva_116,1.1875
Larva_116,0.125
Larva_116,1.0
Larva_116,0.3125
Larva_116,0.125
Larva_116,0.375
Larva_116,0.125
Larva_116,0.9375
Larva_116,0.3125
Larva_116,0.375
Larva_116,0.1875
Larva_116,0.125
Larva_116,0.125
Larva_116,0.1875
Larva_116,0.125
Larva_116,0.1875
Larva_116,2.1875
Larva_116,0.125
Larva_116,0.625
Larva_117,0.4375
Larva_117,0.125
Larva_117,0.1875
Larva_117,0.125
Larva_117,0.375
Larva_117,0.375
Larva_117,1.3125
Larva_117,0.125
Larva_117,0.4375
Larva_117,0.25
Larva_117,0.3125
Larva_117,0.5625
Larva_117,0.1875
Larva_117,0.4375
Larva_117,0.1875
Larva_117,0.4375
Larva_117,0.5
Larva_117,0.125
Larva_117,0.1875
Larva_117,0.375
Larva_117,0.1875
Larva_118,0.125
Larva_118,0.125
Larva_118,0.75
Larva_118,0.375
Larva_118,0.5
Larva_118,0.125
Larva_118,0.5625
Larva_118,0.125
Larva_118,0.3125
Larva_118,0.375
Larva_118,0.375
Larva_118,0.125
Larva_118,0.375
Larva_118,0.5
Larva_118,0.125
Larva_118,0.9375
Larva_118,0.4375
Larva_118,0.25
Larva_119,0.1875
Larva_119,0.125
Larva_119,0.1875
Larva_119,0.9375
Larva_119,1.1875
Larva_119,0.25
Larva_119,1.25
Larva_119,0.1875
Larva_119,0.25
Larva_119,0.375
Larva_119,0.125
Larva_119,0.125
Larva_119,0.1875
Larva_119,0.375
Larva_119,0.3125
Larva_119,0.75
Larva_119,0.375
Larva_119,0.25
Larva_119,0.3125
Larva_120,0.125
Larva_120,0.875
Larva_120,0.125
Larva_120,0.625
Larva_120,0.25
Larva_120,0.3125
Larva_120,0.3125
Larva_120,0.125
Larva_120,0.1875
Larva_120,0.25
Larva_120,1.8125
Larva_120,0.125
Larva_120,0.75
Larva_120,0.375
Larva_120,0.3125
Larva_121,0.1875
Larva_121,1.3125
Larva_121,0.125
Larva_121,0.3125
Larva_121,0.125
Larva_121,0.125
Larva_121,0.375
Larva_121,0.75
Larva_121,0.3125
Larva_121,0.6875
Larva_121,0.375
Larva_121,0.75
Larva_121,1.8125
Larva_121,0.125
Larva_121,3.3125
Larva_121,1.0625
Larva_121,0.5
Larva_121,0.125
Larva_121,0.5625
Larva_121,0.625
Larva_121,0.375
Larva_121,0.4375
Larva_121,0.25
Larva_121,1.6875
Larva_121,0.3125
Larva_121,0.4375
Larva_121,0.25
Larva_121,0.125
Larva_121,0.3125
Larva_121,0.25
Larva_121,0.875
Larva_121,0.3125
Larva_121,0.625
Larva_121,0.4375
Larva_121,1.0
Larva_121,2.3125
Larva_121,1.0
Larva_121,0.1875
Larva_121,0.3125
Larva_121,0.125
Larva_122,0.5625
Larva_122,0.125
Larva_122,0.25
Larva_122,1.75
Larva_122,0.3125
Larva_122,0.375
Larva_122,0.125
Larva_122,0.25
Larva_122,0.3125
Larva_122,0.25
Larva_125,0.1875
Larva_125,0.25
Larva_125,0.1875
Larva_125,0.25
Larva_125,0.3125
Larva_125,0.4375
Larva_125,0.25
Larva_127,0.1875
Larva_127,1.25
Larva_127,0.375
Larva_127,0.5
Larva_127,0.4375
Larva_127,0.25
Larva_127,0.125
Larva_127,0.125
Larva_127,0.8125
Larva_127,0.125
Larva_127,0.625
Larva_127,0.125
Larva_127,0.25
Larva_127,0.125
Larva_127,0.4375
Larva_127,0.625
Larva_127,0.75
Larva_127,0.3125
Larva_127,0.875
Larva_127,0.125
Larva_127,0.3125
Larva_127,0.5
Larva_127,0.3125
Larva_127,0.125
Larva_127,0.1875
Larva_127,0.125
Larva_127,0.4375
Larva_127,0.1875
Larva_127,1.1875
Larva_127,0.4375
Larva_127,0.125
Larva_127,0.25
Larva_127,0.3125
Larva_127,1.5625
Larva_127,0.1875
Larva_127,0.125
Larva_127,0.875
Larva_127,1.0625
Larva_128,0.125
Larva_128,0.375
Larva_128,0.125
Larva_128,0.3125
Larva_128,0.8125
Larva_128,0.125
Larva_128,0.125
Larva_128,0.125
Larva_128,0.125
Larva_128,0.375
Larva_128,0.375
Larva_128,0.5
Larva_128,0.375
Larva_128,0.25
Larva_128,0.1875
Larva_128,0.1875
Larva_128,0.3125
Larva_128,0.4375
Larva_129,0.8125
Larva_129,0.125
Larva_129,1.0625
Larva_129,0.4375
Larva_129,1.25
Larva_129,0.25
Larva_129,0.125
Larva_129,1.1875
Larva_129,0.3125
Larva_129,1.125
Larva_129,0.1875
Larva_129,0.6875
Larva_129,0.125
Larva_129,0.3125
Larva_129,0.125
Larva_13,0.4375
Larva_13,0.375
Larva_13,0.5625
Larva_13,0.5
Larva_13,0.125
Larva_13,0.125
Larva_13,0.5625
Larva_13,1.625
Larva_13,0.9375
Larva_13,0.5625
Larva_13,0.125
Larva_13,0.25
Larva_13,0.1875
Larva_13,0.25
Larva_13,0.4375
Larva_13,0.375
Larva_13,0.1875
Larva_130,0.25
Larva_130,0.125
Larva_130,0.1875
Larva_130,0.5625
Larva_130,0.5
Larva_130,0.125
Larva_130,0.125
Larva_130,0.1875
Larva_130,0.25
Larva_130,0.125
Larva_130,0.125
Larva_130,0.75
Larva_130,0.125
Larva_130,0.875
Larva_130,0.9375
Larva_130,0.125
Larva_130,0.3125
Larva_130,0.125
Larva_130,0.125
Larva_132,0.125
Larva_132,0.875
Larva_132,0.1875
Larva_132,0.8125
Larva_132,1.375
Larva_132,0.875
Larva_132,0.8125
Larva_132,0.5625
Larva_132,1.0625
Larva_132,0.125
Larva_132,0.125
Larva_132,0.625
Larva_132,0.3125
Larva_132,0.3125
Larva_132,0.3125
Larva_132,0.25
Larva_132,0.125
Larva_132,0.875
Larva_132,1.5625
Larva_133,0.125
Larva_133,0.125
Larva_133,0.125
Larva_133,0.25
Larva_133,0.125
Larva_133,0.25
Larva_133,0.125
Larva_133,0.375
Larva_133,0.25
Larva_133,0.125
Larva_133,0.1875
Larva_133,0.3125
Larva_133,0.25
Larva_133,0.25
Larva_133,0.4375
Larva_133,0.25
Larva_133,0.5625
Larva_133,0.25
Larva_133,0.125
Larva_133,0.1875
Larva_134,0.1875
Larva_134,0.6875
Larva_134,0.5
Larva_134,0.375
Larva_134,0.375
Larva_134,0.125
Larva_134,0.1875
Larva_134,0.125
Larva_134,0.125
Larva_134,0.375
Larva_134,0.625
Larva_134,0.125
Larva_134,0.125
Larva_134,0.5
Larva_134,0.25
Larva_134,0.25
Larva_134,0.25
Larva_134,1.3125
Larva_134,0.6875
Larva_134,0.1875
Larva_134,1.25
Larva_134,0.5
Larva_134,0.9375
Larva_134,0.125
Larva_134,0.5625
Larva_134,0.3125
Larva_134,0.125
Larva_134,0.625
Larva_134,0.625
Larva_134,0.125
Larva_134,1.5
Larva_134,1.8125
Larva_134,0.75
Larva_134,1.625
Larva_134,0.1875
Larva_134,0.8125
Larva_134,0.9375
Larva_134,0.5
Larva_135,0.125
Larva_135,0.125
Larva_135,0.125
Larva_135,0.625
Larva_135,0.3125
Larva_135,0.3125
Larva_135,0.25
Larva_135,0.125
Larva_135,0.8125
Larva_135,0.625
Larva_135,0.125
Larva_135,0.8125
Larva_135,0.125
Larva_135,0.125
Larva_138,0.125
Larva_138,0.1875
Larva_138,0.4375
Larva_138,0.75
Larva_138,0.125
Larva_138,0.1875
Larva_138,1.0625
Larva_138,0.375
Larva_138,0.125
Larva_138,0.125
Larva_138,0.125
Larva_138,0.125
Larva_138,0.1875
Larva_138,0.1875
Larva_138,0.125
Larva_138,0.1875
Larva_138,0.125
Larva_138,0.125
Larva_138,0.125
Larva_138,0.1875
Larva_138,0.125
Larva_138,0.1875
Larva_138,0.25
Larva_138,0.125
Larva_138,0.25
Larva_138,0.125
Larva_138,0.125
Larva_138,0.125
Larva_138,0.75
Larva_138,0.125
Larva_138,0.125
Larva_138,0.125
Larva_138,0.25
Larva_138,0.6875
Larva_138,0.125
Larva_138,0.1875
Larva_138,1.625
Larva_138,0.125
Larva_138,0.3125
Larva_138,0.1875
Larva_138,0.8125
Larva_138,0.125
Larva_138,0.125
Larva_138,0.1875
Larva_138,0.125
Larva_138,0.5625
Larva_138,0.125
Larva_138,0.125
Larva_138,0.1875
Larva_138,0.125
Larva_138,0.125
Larva_138,0.5625
Larva_138,0.1875
Larva_138,0.125
Larva_138,0.125
Larva_138,0.3125
Larva_138,0.75
Larva_138,0.125
Larva_138,0.125
Larva_138,0.125
Larva_138,0.125
Larva_138,0.125
Larva_138,0.1875
Larva_138,0.25
Larva_138,0.375
Larva_138,1.75
Larva_138,0.25
Larva_138,0.125
Larva_138,0.875
Larva_138,0.125
Larva_138,0.1875
Larva_138,0.125
Larva_138,0.125
Larva_138,0.125
Larva_139,0.5
Larva_139,0.125
Larva_139,0.125
Larva_139,0.75
Larva_139,0.375
Larva_139,0.3125
Larva_139,0.5625
Larva_139,0.125
Larva_139,0.8125
Larva_139,0.25
Larva_139,0.1875
Larva_139,0.3125
Larva_139,0.1875
Larva_139,0.125
Larva_139,0.125
Larva_139,0.125
Larva_139,0.125
Larva_14,0.1875
Larva_14,0.75
Larva_14,0.125
Larva_14,0.25
Larva_14,0.25
Larva_14,0.125
Larva_14,0.5625
Larva_14,0.3125
Larva_14,0.125
Larva_14,0.8125
Larva_14,0.375
Larva_14,0.125
Larva_14,0.875
Larva_14,0.8125
Larva_14,0.125
Larva_14,0.3125
Larva_14,0.625
Larva_14,0.25
Larva_14,0.6875
Larva_14,0.125
Larva_14,0.4375
Larva_14,0.3125
Larva_14,0.25
Larva_14,0.625
Larva_14,1.6875
Larva_14,0.125
Larva_14,0.25
Larva_14,2.75
Larva_14,0.125
Larva_14,0.125
Larva_14,3.375
Larva_14,0.1875
Larva_14,0.125
Larva_14,0.5625
Larva_14,0.3125
Larva_141,0.1875
Larva_141,0.125
Larva_141,0.125
Larva_141,0.6875
Larva_141,0.25
Larva_141,0.625
Larva_141,0.6875
Larva_141,0.4375
Larva_141,0.1875
Larva_141,0.1875
Larva_141,0.1875
Larva_141,0.1875
Larva_141,0.5625
Larva_141,0.1875
Larva_141,0.375
Larva_141,0.375
Larva_141,0.125
Larva_141,0.125
Larva_141,0.1875
Larva_141,0.125
Larva_141,0.125
Larva_141,0.125
Larva_142,0.1875
Larva_142,0.125
Larva_142,0.125
Larva_142,1.25
Larva_142,0.9375
Larva_142,0.125
Larva_142,0.5
Larva_142,0.9375
Larva_142,0.125
Larva_142,0.5625
Larva_142,0.875
Larva_142,0.4375
Larva_142,1.4375
Larva_142,1.4375
Larva_142,0.5
Larva_142,0.4375
Larva_142,0.125
Larva_142,0.125
Larva_142,0.4375
Larva_142,0.125
Larva_142,0.1875
Larva_142,0.125
Larva_142,0.375
Larva_142,0.75
Larva_142,1.375
Larva_142,0.625
Larva_142,1.1875
Larva_142,0.3125
Larva_142,0.3125
Larva_142,0.125
Larva_142,1.1875
Larva_142,0.1875
Larva_142,0.3125
Larva_142,0.125
Larva_142,0.875
Larva_142,0.125
Larva_142,0.625
Larva_142,0.125
Larva_142,0.3125
Larva_143,0.125
Larva_143,0.1875
Larva_143,0.1875
Larva_143,0.375
Larva_143,0.125
Larva_143,0.1875
Larva_143,1.1875
Larva_143,0.125
Larva_143,0.375
Larva_143,0.3125
Larva_143,0.125
Larva_143,0.125
Larva_143,0.4375
Larva_143,0.125
Larva_143,0.125
Larva_143,0.125
Larva_143,0.3125
Larva_143,0.125
Larva_143,0.125
Larva_143,0.1875
Larva_143,0.125
Larva_143,0.125
Larva_143,0.5625
Larva_143,0.125
Larva_143,0.125
Larva_143,0.125
Larva_143,0.125
Larva_143,0.1875
Larva_143,0.125
Larva_143,0.125
Larva_143,0.375
Larva_143,0.1875
Larva_143,0.125
Larva_143,0.125
Larva_143,0.125
Larva_143,0.125
Larva_143,0.125
Larva_143,0.125
Larva_144,0.75
Larva_144,0.375
Larva_144,0.25
Larva_144,0.125
Larva_144,0.125
Larva_144,0.5
Larva_144,0.1875
Larva_144,0.125
Larva_144,0.125
Larva_144,0.1875
Larva_144,0.125
Larva_144,0.625
Larva_144,0.1875
Larva_144,0.125
Larva_144,0.9375
Larva_144,0.125
Larva_144,1.5
Larva_144,0.125
Larva_144,0.6875
Larva_144,0.4375
Larva_144,0.4375
Larva_144,0.5
Larva_144,0.5625
Larva_144,0.5
Larva_144,0.4375
Larva_144,0.8125
Larva_144,1.4375
Larva_144,0.5
Larva_144,0.125
Larva_144,0.25
Larva_144,0.1875
Larva_144,0.4375
Larva_144,0.375
Larva_144,0.25
Larva_144,0.1875
Larva_144,1.125
Larva_144,1.375
Larva_144,0.125
Larva_144,0.125
Larva_144,0.9375
Larva_144,1.0
Larva_144,0.125
Larva_144,0.375
Larva_144,0.3125
Larva_144,0.9375
Larva_144,0.5625
Larva_144,0.9375
Larva_144,0.25
Larva_144,2.5625
Larva_144,0.125
Larva_144,0.4375
Larva_144,0.125
Larva_144,0.6875
Larva_144,0.9375
Larva_144,0.3125
Larva_144,0.3125
Larva_144,0.75
Larva_144,1.25
Larva_146,0.3125
Larva_146,0.125
Larva_146,0.9375
Larva_146,0.125
Larva_146,1.0
Larva_146,1.3125
Larva_146,0.4375
Larva_146,0.25
Larva_146,0.5
Larva_146,0.125
Larva_146,0.25
Larva_146,1.25
Larva_146,0.4375
Larva_146,0.125
Larva_146,0.1875
Larva_146,0.4375
Larva_146,0.125
Larva_147,0.125
Larva_147,0.1875
Larva_147,0.125
Larva_147,0.75
Larva_147,0.75
Larva_147,1.125
Larva_147,0.125
Larva_147,0.25
Larva_147,0.375
Larva_147,0.4375
Larva_147,0.25
Larva_147,1.875
Larva_147,0.125
Larva_147,0.1875
Larva_149,1.25
Larva_149,0.125
Larva_149,0.5625
Larva_149,0.125
Larva_149,0.125
Larva_149,0.125
Larva_149,0.125
Larva_149,0.125
Larva_149,0.25
Larva_149,0.3125
Larva_149,0.625
Larva_149,0.1875
Larva_149,0.4375
Larva_149,0.125
Larva_149,0.1875
Larva_149,0.3125
Larva_149,2.3125
Larva_149,0.6875
Larva_149,0.625
Larva_149,0.625
Larva_149,0.125
Larva_149,0.3125
Larva_149,0.3125
Larva_149,0.625
Larva_149,0.125
Larva_149,0.125
Larva_149,0.3125
Larva_149,0.125
Larva_149,0.125
Larva_149,0.125
Larva_151,0.125
Larva_151,0.125
Larva_151,1.5625
Larva_151,0.1875
Larva_151,0.5
Larva_151,0.5
Larva_151,0.5
Larva_151,0.25
Larva_151,0.1875
Larva_151,0.125
Larva_151,0.3125
Larva_151,0.375
Larva_151,0.125
Larva_151,0.125
Larva_151,0.3125
Larva_151,0.25
Larva_151,0.1875
Larva_151,0.5625
Larva_151,0.3125
Larva_151,0.3125
Larva_151,0.25
Larva_152,0.125
Larva_152,0.125
Larva_152,0.25
Larva_152,0.125
Larva_152,0.6875
Larva_152,0.3125
Larva_152,0.125
Larva_152,1.6875
Larva_152,0.25
Larva_152,0.25
Larva_152,0.1875
Larva_152,0.3125
Larva_152,0.5625
Larva_152,0.25
Larva_152,0.3125
Larva_152,1.0625
Larva_152,0.3125
Larva_152,0.125
Larva_152,1.5625
Larva_152,0.4375
Larva_152,0.25
Larva_152,0.125
Larva_152,0.1875
Larva_152,0.1875
Larva_152,0.4375
Larva_152,0.8125
Larva_152,0.1875
Larva_152,0.5
Larva_152,0.125
Larva_152,0.125
Larva_152,0.4375
Larva_152,0.1875
Larva_152,0.125
Larva_152,0.5
Larva_152,0.5625
Larva_154,0.125
Larva_154,0.1875
Larva_154,0.1875
Larva_154,0.1875
Larva_154,0.125
Larva_154,0.125
Larva_154,0.125
Larva_154,1.25
Larva_154,0.125
Larva_154,0.375
Larva_154,0.1875
Larva_154,0.1875
Larva_154,0.5
Larva_154,0.125
Larva_154,0.8125
Larva_154,0.4375
Larva_154,0.125
Larva_156,0.8125
Larva_156,1.0625
Larva_156,0.5625
Larva_156,2.125
Larva_156,0.6875
Larva_156,0.1875
Larva_156,0.8125
Larva_156,0.6875
Larva_156,0.1875
Larva_157,0.375
Larva_157,1.6875
Larva_157,0.1875
Larva_157,0.125
Larva_157,0.375
Larva_157,0.4375
Larva_157,0.3125
Larva_157,0.5625
Larva_157,0.5
Larva_157,0.125
Larva_157,0.625
Larva_157,1.0625
Larva_157,0.3125
Larva_157,0.25
Larva_157,0.1875
Larva_157,0.4375
Larva_157,0.9375
Larva_157,0.1875
Larva_157,0.25
Larva_157,0.375
Larva_157,0.375
Larva_157,0.4375
Larva_157,0.1875
Larva_157,0.125
Larva_157,0.125
Larva_157,0.4375
Larva_157,0.6875
Larva_157,0.5
Larva_157,0.875
Larva_157,0.9375
Larva_157,0.125
Larva_159,0.5
Larva_159,0.3125
Larva_159,0.125
Larva_159,0.1875
Larva_159,0.1875
Larva_159,0.125
Larva_159,0.125
Larva_159,0.5
Larva_159,0.375
Larva_159,0.6875
Larva_159,0.5
Larva_159,0.5625
Larva_159,0.75
Larva_159,0.5625
Larva_159,0.125
Larva_159,1.1875
Larva_159,0.5625
Larva_159,1.625
Larva_159,0.125
Larva_159,0.3125
Larva_159,0.25
Larva_159,0.875
Larva_159,0.4375
Larva_159,0.25
Larva_159,0.4375
Larva_16,0.1875
Larva_16,0.125
Larva_16,0.25
Larva_16,0.1875
Larva_16,0.125
Larva_16,0.125
Larva_16,0.125
Larva_16,0.625
Larva_16,0.125
Larva_16,0.125
Larva_16,0.125
Larva_16,0.125
Larva_16,0.1875
Larva_16,0.6875
Larva_16,2.0
Larva_16,1.0625
Larva_16,0.1875
Larva_16,0.125
Larva_16,0.125
Larva_16,0.125
Larva_16,0.3125
Larva_16,0.1875
Larva_16,0.125
Larva_16,0.125
Larva_16,0.125
Larva_16,0.125
Larva_160,0.125
Larva_160,1.0625
Larva_160,0.4375
Larva_160,0.125
Larva_160,0.125
Larva_160,0.125
Larva_160,0.125
Larva_160,0.125
Larva_160,0.9375
Larva_160,0.125
Larva_160,0.125
Larva_160,0.25
Larva_160,0.125
Larva_160,0.125
Larva_161,0.625
Larva_161,0.125
Larva_161,0.125
Larva_161,0.125
Larva_161,0.125
Larva_161,0.125
Larva_161,0.25
Larva_161,0.125
Larva_161,0.1875
Larva_162,0.75
Larva_162,0.375
Larva_162,0.5
Larva_162,0.5625
Larva_162,0.125
Larva_162,0.4375
Larva_162,0.125
Larva_162,0.5
Larva_162,0.125
Larva_163,0.125
Larva_163,0.875
Larva_163,0.125
Larva_163,0.125
Larva_163,0.1875
Larva_163,0.3125
Larva_163,0.4375
Larva_163,0.1875
Larva_163,0.25
Larva_163,0.1875
Larva_163,0.1875
Larva_163,0.375
Larva_164,0.125
Larva_164,0.1875
Larva_164,0.5625
Larva_164,0.1875
Larva_164,0.125
Larva_164,0.1875
Larva_164,0.1875
Larva_164,0.125
Larva_164,0.3125
Larva_164,0.125
Larva_164,0.25
Larva_164,0.1875
Larva_164,0.1875
Larva_164,0.1875
Larva_164,0.125
Larva_164,0.25
Larva_164,0.3125
Larva_164,0.1875
Larva_164,0.25
Larva_164,0.375
Larva_164,0.375
Larva_164,0.125
Larva_164,0.1875
Larva_164,0.125
Larva_164,0.125
Larva_164,0.6875
Larva_164,0.125
Larva_164,0.125
Larva_164,0.1875
Larva_164,0.75
Larva_164,0.625
Larva_164,0.25
Larva_164,0.5
Larva_164,0.125
Larva_164,0.125
Larva_164,0.25
Larva_164,0.125
Larva_164,0.125
Larva_166,0.25
Larva_166,0.125
Larva_166,0.1875
Larva_166,0.125
Larva_166,0.1875
Larva_166,0.3125
Larva_166,0.4375
Larva_166,0.125
Larva_166,0.5625
Larva_166,0.3125
Larva_166,0.4375
Larva_166,0.9375
Larva_166,0.5
Larva_166,0.25
Larva_166,1.4375
Larva_166,0.25
Larva_166,0.3125
Larva_166,0.3125
Larva_166,0.25
Larva_167,0.3125
Larva_167,0.125
Larva_167,0.125
Larva_167,1.0
Larva_167,0.25
Larva_167,0.125
Larva_167,0.125
Larva_167,0.4375
Larva_167,0.125
Larva_167,0.3125
Larva_167,0.3125
Larva_167,0.3125
Larva_168,0.5
Larva_168,0.4375
Larva_168,0.125
Larva_168,0.375
Larva_168,0.8125
Larva_168,0.125
Larva_168,0.1875
Larva_168,0.4375
Larva_168,0.1875
Larva_168,0.125
Larva_168,0.1875
Larva_168,0.1875
Larva_168,0.3125
Larva_168,0.1875
Larva_168,0.1875
Larva_168,0.125
Larva_168,0.125
Larva_168,0.8125
Larva_168,0.25
Larva_168,0.5
Larva_168,1.1875
Larva_170,0.125
Larva_170,0.125
Larva_170,0.125
Larva_170,1.0625
Larva_170,1.9375
Larva_170,0.125
Larva_170,0.6875
Larva_171,0.1875
Larva_171,0.375
Larva_171,0.5
Larva_171,0.375
Larva_171,0.125
Larva_171,0.25
Larva_171,0.1875
Larva_171,1.0625
Larva_171,0.6875
Larva_171,0.3125
Larva_171,0.3125
Larva_171,0.375
Larva_171,0.125
Larva_171,0.1875
Larva_171,0.375
Larva_171,0.5625
Larva_171,0.5625
Larva_171,0.5625
Larva_171,0.1875
Larva_171,0.6875
Larva_171,0.125
Larva_171,0.4375
Larva_171,0.3125
Larva_171,0.25
Larva_171,0.5
Larva_172,0.3125
Larva_172,0.9375
Larva_172,0.125
Larva_172,0.1875
Larva_172,0.625
Larva_172,0.125
Larva_172,0.375
Larva_172,0.8125
Larva_172,0.125
Larva_172,0.125
Larva_172,0.375
Larva_173,1.375
Larva_173,0.125
Larva_173,0.125
Larva_173,1.5625
Larva_173,0.1875
Larva_173,0.5
Larva_173,1.25
Larva_173,0.3125
Larva_173,0.625
Larva_173,0.3125
Larva_173,0.8125
Larva_173,0.5
Larva_173,0.5625
Larva_173,0.3125
Larva_173,0.6875
Larva_173,0.1875
Larva_173,0.125
Larva_173,0.3125
Larva_173,0.8125
Larva_173,0.25
Larva_173,0.625
Larva_173,0.375
Larva_173,0.375
Larva_173,0.625
Larva_173,0.1875
Larva_173,0.1875
Larva_173,1.0625
Larva_173,0.125
Larva_174,0.125
Larva_174,0.125
Larva_174,0.5
Larva_174,0.4375
Larva_174,0.1875
Larva_175,0.75
Larva_175,0.125
Larva_175,0.8125
Larva_175,0.3125
Larva_175,0.125
Larva_175,0.5
Larva_175,0.125
Larva_175,0.125
Larva_175,1.125
Larva_175,0.625
Larva_175,0.5625
Larva_177,0.8125
Larva_177,0.4375
Larva_177,0.3125
Larva_177,0.125
Larva_177,0.5
Larva_177,1.0625
Larva_177,0.4375
Larva_177,0.125
Larva_178,0.875
Larva_178,0.875
Larva_178,0.1875
Larva_178,0.875
Larva_178,0.125
Larva_178,0.75
Larva_178,1.5625
Larva_178,0.3125
Larva_178,0.625
Larva_178,0.875
Larva_178,0.625
Larva_178,0.4375
Larva_178,0.4375
Larva_178,0.125
Larva_178,0.1875
Larva_178,0.125
Larva_178,0.25
Larva_178,0.5
Larva_178,0.125
Larva_178,0.25
Larva_178,0.3125
Larva_178,0.3125
Larva_178,0.125
Larva_178,0.125
Larva_178,1.125
Larva_178,0.3125
Larva_178,1.125
Larva_178,0.4375
Larva_178,0.5
Larva_178,0.5625
Larva_178,0.25
Larva_178,0.9375
Larva_178,0.3125
Larva_178,0.125
Larva_178,0.75
Larva_179,0.3125
Larva_179,0.25
Larva_179,0.4375
Larva_179,0.4375
Larva_179,0.8125
Larva_179,0.125
Larva_179,0.5
Larva_179,0.1875
Larva_179,0.125
Larva_179,0.375
Larva_179,0.3125
Larva_179,1.4375
Larva_179,0.1875
Larva_179,0.25
Larva_179,0.125
Larva_179,0.125
Larva_179,0.4375
Larva_179,0.375
Larva_179,0.375
Larva_179,0.125
Larva_179,0.375
Larva_179,0.125
Larva_179,0.1875
Larva_179,1.125
Larva_179,0.6875
Larva_179,0.125
Larva_179,1.625
Larva_179,0.125
Larva_179,0.3125
Larva_18,0.125
Larva_18,0.125
Larva_18,0.125
Larva_18,0.375
Larva_18,0.125
Larva_18,0.25
Larva_18,0.6875
Larva_18,0.1875
Larva_18,0.125
Larva_18,0.6875
Larva_18,0.625
Larva_18,0.3125
Larva_18,0.1875
Larva_18,0.875
Larva_18,0.1875
Larva_18,0.125
Larva_18,0.25
Larva_18,0.1875
Larva_18,0.125
Larva_18,0.5625
Larva_18,0.1875
Larva_18,0.125
Larva_18,0.125
Larva_18,0.125
Larva_18,0.125
Larva_18,0.125
Larva_18,0.125
Larva_18,0.125
Larva_18,0.4375
Larva_18,0.125
Larva_18,0.125
Larva_18,0.125
Larva_18,0.1875
Larva_18,0.3125
Larva_18,0.3125
Larva_18,0.125
Larva_18,0.125
Larva_18,0.125
Larva_18,0.25
Larva_18,0.125
Larva_18,0.3125
Larva_18,0.1875
Larva_18,0.1875
Larva_18,0.25
Larva_18,0.25
Larva_18,0.125
Larva_18,0.125
Larva_18,0.125
Larva_18,0.125
Larva_18,0.375
Larva_18,0.125
Larva_18,0.375
Larva_18,0.125
Larva_18,0.1875
Larva_18,0.875
Larva_18,0.1875
Larva_18,0.125
Larva_18,0.125
Larva_18,0.125
Larva_18,0.25
Larva_180,0.5625
Larva_180,1.25
Larva_180,1.9375
Larva_180,0.1875
Larva_180,1.0625
Larva_180,0.1875
Larva_180,0.75
Larva_180,0.5625
Larva_180,0.125
Larva_180,0.1875
Larva_180,0.25
Larva_180,0.75
Larva_180,0.25
Larva_180,0.6875
Larva_180,0.875
Larva_180,0.375
Larva_180,0.1875
Larva_180,0.1875
Larva_180,0.1875
Larva_180,0.1875
Larva_180,1.5
Larva_181,0.125
Larva_181,0.1875
Larva_181,0.25
Larva_181,0.125
Larva_181,0.375
Larva_181,0.375
Larva_181,0.125
Larva_181,0.3125
Larva_181,0.75
Larva_181,0.25
Larva_181,0.3125
Larva_181,0.5625
Larva_181,0.25
Larva_181,0.125
Larva_181,0.1875
Larva_181,0.375
Larva_181,0.125
Larva_181,0.125
Larva_181,0.75
Larva_182,0.5625
Larva_182,0.125
Larva_182,0.3125
Larva_182,0.125
Larva_182,0.1875
Larva_182,0.5
Larva_182,0.4375
Larva_182,0.25
Larva_182,0.3125
Larva_183,0.125
Larva_183,0.125
Larva_183,0.1875
Larva_183,0.25
Larva_183,0.125
Larva_183,0.25
Larva_183,0.125
Larva_183,0.375
Larva_184,0.125
Larva_184,0.3125
Larva_184,0.25
Larva_184,0.125
Larva_184,0.125
Larva_184,0.25
Larva_184,0.6875
Larva_184,0.1875
Larva_184,0.75
Larva_184,0.375
Larva_184,0.1875
Larva_184,0.25
Larva_184,0.125
Larva_184,0.125
Larva_184,0.5625
Larva_184,0.125
Larva_184,1.0625
Larva_184,0.4375
Larva_184,0.125
Larva_184,0.125
Larva_184,0.125
Larva_184,0.1875
Larva_184,0.125
Larva_184,0.1875
Larva_184,0.125
Larva_184,0.125
Larva_184,0.5625
Larva_185,0.125
Larva_185,0.25
Larva_185,0.25
Larva_185,11.3125
Larva_185,0.1875
Larva_185,0.25
Larva_185,0.25
Larva_185,0.125
Larva_185,0.125
Larva_185,0.3125
Larva_185,0.125
Larva_185,0.5625
Larva_185,0.125
Larva_185,0.5
Larva_185,0.125
Larva_185,0.25
Larva_185,0.125
Larva_185,0.125
Larva_185,0.4375
Larva_185,0.8125
Larva_185,0.1875
Larva_185,0.4375
Larva_185,0.1875
Larva_185,0.75
Larva_185,0.125
Larva_186,0.375
Larva_186,0.5
Larva_186,0.3125
Larva_186,0.125
Larva_186,0.5
Larva_186,0.25
Larva_186,0.4375
Larva_186,0.25
Larva_186,0.625
Larva_186,0.125
Larva_186,0.1875
Larva_186,0.75
Larva_186,0.125
Larva_186,0.125
Larva_186,0.125
Larva_186,0.1875
Larva_187,0.125
Larva_187,0.8125
Larva_187,0.25
Larva_188,0.25
Larva_188,0.3125
Larva_188,4.5625
Larva_188,0.5
Larva_188,0.5625
Larva_188,0.25
Larva_188,0.3125
Larva_188,0.4375
Larva_188,0.625
Larva_188,0.1875
Larva_188,0.375
Larva_188,0.125
Larva_188,0.125
Larva_188,0.125
Larva_188,0.625
Larva_188,0.3125
Larva_188,0.5625
Larva_188,0.625
Larva_188,0.1875
Larva_188,0.125
Larva_188,0.3125
Larva_188,0.6875
Larva_188,0.75
Larva_188,1.0625
Larva_188,0.25
Larva_188,0.125
Larva_188,0.1875
Larva_188,0.125
Larva_189,0.3125
Larva_189,0.125
Larva_189,0.1875
Larva_189,0.125
Larva_19,0.125
Larva_19,0.1875
Larva_19,0.1875
Larva_19,0.1875
Larva_19,0.3125
Larva_19,0.125
Larva_19,0.25
Larva_19,0.1875
Larva_19,0.1875
Larva_19,0.125
Larva_19,0.125
Larva_19,0.125
Larva_19,0.125
Larva_19,0.375
Larva_19,0.125
Larva_19,0.125
Larva_19,0.125
Larva_19,0.125
Larva_19,0.125
Larva_19,0.125
Larva_19,0.125
Larva_19,0.125
Larva_19,0.125
Larva_19,0.125
Larva_19,0.125
Larva_19,0.125
Larva_19,0.125
Larva_190,0.1875
Larva_190,0.1875
Larva_190,0.25
Larva_190,0.1875
Larva_190,0.125
Larva_190,0.1875
Larva_190,1.0625
Larva_190,0.125
Larva_191,0.5625
Larva_191,1.125
Larva_191,0.125
Larva_191,0.1875
Larva_192,0.125
Larva_192,0.125
Larva_192,0.125
Larva_195,0.125
Larva_195,0.125
Larva_195,0.3125
Larva_195,0.1875
Larva_195,0.25
Larva_195,0.25
Larva_195,0.125
Larva_195,0.125
Larva_195,0.125
Larva_195,0.375
Larva_195,0.1875
Larva_195,0.625
Larva_195,0.25
Larva_196,0.8125
Larva_196,0.25
Larva_196,0.4375
Larva_196,0.1875
Larva_197,0.125
Larva_197,0.1875
Larva_197,0.4375
Larva_197,0.125
Larva_197,0.3125
Larva_197,0.125
Larva_197,0.125
Larva_197,0.5
Larva_197,0.125
Larva_197,0.125
Larva_197,0.125
Larva_198,0.125
Larva_198,0.1875
Larva_198,0.375
Larva_198,0.25
Larva_198,0.1875
Larva_198,0.4375
Larva_198,0.125
Larva_198,0.125
Larva_198,0.375
Larva_198,0.5625
Larva_198,0.5625
Larva_198,0.3125
Larva_198,0.125
Larva_198,1.0625
Larva_198,0.875
Larva_198,0.8125
Larva_198,0.9375
Larva_198,0.1875
Larva_198,0.5
Larva_2,0.125
Larva_2,0.125
Larva_2,0.375
Larva_2,0.25
Larva_2,0.125
Larva_2,0.5625
Larva_2,0.125
Larva_2,0.125
Larva_2,0.1875
Larva_2,1.0625
Larva_2,0.1875
Larva_2,0.5
Larva_20,0.375
Larva_20,0.5
Larva_20,0.125
Larva_201,0.3125
Larva_201,0.1875
Larva_201,0.1875
Larva_201,0.125
Larva_201,0.5
Larva_201,0.5625
Larva_201,0.125
Larva_201,0.125
Larva_201,0.25
Larva_201,0.3125
Larva_201,0.75
Larva_201,0.1875
Larva_201,0.375
Larva_201,0.5
Larva_201,0.3125
Larva_201,0.125
Larva_201,0.625
Larva_201,0.5
Larva_201,0.1875
Larva_201,0.1875
Larva_201,0.1875
Larva_201,1.75
Larva_201,0.25
Larva_201,0.1875
Larva_201,0.125
Larva_201,0.125
Larva_201,0.125
Larva_201,0.125
Larva_201,0.6875
Larva_201,0.1875
Larva_201,0.125
Larva_201,0.25
Larva_201,0.25
Larva_201,0.125
Larva_201,0.1875
Larva_201,0.1875
Larva_201,0.125
Larva_201,0.625
Larva_201,0.9375
Larva_202,0.125
Larva_202,0.25
Larva_202,0.125
Larva_202,0.9375
Larva_202,0.1875
Larva_202,0.6875
Larva_202,0.4375
Larva_202,0.1875
Larva_202,1.0
Larva_202,0.5
Larva_202,0.5
Larva_202,0.375
Larva_202,0.1875
Larva_202,0.125
Larva_202,0.3125
Larva_202,0.3125
Larva_202,0.3125
Larva_202,0.6875
Larva_202,0.3125
Larva_202,0.4375
Larva_202,0.125
Larva_202,0.5625
Larva_202,0.25
Larva_203,0.5625
Larva_203,0.5
Larva_203,0.3125
Larva_203,0.125
Larva_203,0.1875
Larva_203,0.1875
Larva_203,0.125
Larva_203,0.5
Larva_203,0.625
Larva_203,1.0
Larva_203,0.25
Larva_203,0.625
Larva_203,0.5625
Larva_203,0.5625
Larva_203,0.125
Larva_203,0.125
Larva_203,0.125
Larva_203,0.375
Larva_203,1.1875
Larva_203,0.3125
Larva_203,0.125
Larva_203,0.1875
Larva_203,0.1875
Larva_203,0.5
Larva_203,0.5
Larva_203,0.3125
Larva_203,0.25
Larva_205,0.25
Larva_205,0.3125
Larva_205,0.1875
Larva_205,0.3125
Larva_205,0.1875
Larva_205,0.625
Larva_205,0.5
Larva_205,0.125
Larva_205,0.5
Larva_205,0.3125
Larva_205,1.1875
Larva_205,0.125
Larva_205,0.3125
Larva_205,0.4375
Larva_205,0.75
Larva_205,0.5625
Larva_205,0.125
Larva_205,0.25
Larva_205,0.125
Larva_205,0.5
Larva_205,0.125
Larva_205,0.5
Larva_205,0.6875
Larva_205,0.3125
Larva_205,0.1875
Larva_205,0.1875
Larva_205,0.25
Larva_205,0.1875
Larva_205,0.1875
Larva_206,0.1875
Larva_206,2.1875
Larva_206,0.5
Larva_206,1.1875
Larva_206,0.375
Larva_206,0.125
Larva_206,0.3125
Larva_206,0.25
Larva_206,0.375
Larva_206,0.1875
Larva_206,0.5625
Larva_206,0.125
Larva_206,0.25
Larva_206,0.125
Larva_206,0.3125
Larva_206,0.125
Larva_206,0.4375
Larva_206,0.5625
Larva_206,0.4375
Larva_206,0.375
Larva_206,0.5625
Larva_206,0.4375
Larva_206,0.125
Larva_206,0.375
Larva_206,0.1875
Larva_206,0.3125
Larva_206,0.5625
Larva_206,0.375
Larva_206,0.125
Larva_206,0.4375
Larva_206,0.375
Larva_206,0.4375
Larva_206,0.3125
Larva_206,0.4375
Larva_206,0.375
Larva_206,0.1875
Larva_207,0.125
Larva_207,0.3125
Larva_207,0.25
Larva_207,0.125
Larva_207,0.125
Larva_207,0.125
Larva_207,0.1875
Larva_207,0.125
Larva_207,0.3125
Larva_207,0.3125
Larva_207,0.25
Larva_208,0.3125
Larva_208,0.125
Larva_208,0.4375
Larva_208,0.125
Larva_208,0.125
Larva_208,0.125
Larva_208,0.25
Larva_208,0.1875
Larva_208,0.125
Larva_208,0.375
Larva_208,0.4375
Larva_208,0.3125
Larva_208,0.3125
Larva_208,0.4375
Larva_208,0.875
Larva_208,0.1875
Larva_208,0.4375
Larva_209,0.6875
Larva_209,0.625
Larva_209,0.25
Larva_209,0.1875
Larva_209,0.125
Larva_209,0.125
Larva_210,0.3125
Larva_210,0.375
Larva_210,0.375
Larva_210,0.125
Larva_210,1.125
Larva_210,0.5625
Larva_210,0.1875
Larva_210,0.125
Larva_210,0.125
Larva_210,0.3125
Larva_210,0.1875
Larva_210,0.375
Larva_210,0.4375
Larva_210,0.375
Larva_210,0.25
Larva_210,0.3125
Larva_210,0.25
Larva_210,0.1875
Larva_210,0.4375
Larva_210,0.125
Larva_210,0.1875
Larva_210,0.125
Larva_210,0.125
Larva_210,0.25
Larva_210,0.125
Larva_210,0.3125
Larva_210,1.1875
Larva_210,0.125
Larva_210,0.1875
Larva_210,0.75
Larva_214,0.125
Larva_214,0.375
Larva_214,0.5625
Larva_214,0.25
Larva_214,0.125
Larva_214,0.125
Larva_214,0.375
Larva_214,0.25
Larva_214,0.125
Larva_214,0.375
Larva_214,0.125
Larva_214,0.1875
Larva_214,0.375
Larva_214,0.1875
Larva_214,0.3125
Larva_214,0.125
Larva_214,0.125
Larva_214,0.875
Larva_214,0.1875
Larva_214,0.125
Larva_214,0.125
Larva_214,0.125
Larva_214,1.0625
Larva_214,0.4375
Larva_214,0.25
Larva_214,0.125
Larva_214,0.1875
Larva_214,0.125
Larva_214,0.125
Larva_214,0.1875
Larva_214,0.125
Larva_215,0.5625
Larva_215,0.5
Larva_215,0.1875
Larva_215,0.5625
Larva_215,0.3125
Larva_215,0.6875
Larva_215,0.5625
Larva_215,0.125
Larva_215,0.1875
Larva_215,0.375
Larva_215,0.125
Larva_215,0.25
Larva_215,0.125
Larva_215,0.125
Larva_215,0.9375
Larva_215,0.875
Larva_215,0.5
Larva_215,1.1875
Larva_215,0.25
Larva_215,0.3125
Larva_215,0.625
Larva_215,0.25
Larva_215,0.4375
Larva_215,0.75
Larva_215,0.1875
Larva_215,0.1875
Larva_215,1.0625
Larva_215,0.5
Larva_215,0.9375
Larva_215,0.125
Larva_215,0.75
Larva_215,0.625
Larva_215,2.75
Larva_215,0.875
Larva_215,0.125
Larva_215,0.875
Larva_215,0.125
Larva_215,0.125
Larva_215,0.125
Larva_215,0.125
Larva_215,0.375
Larva_215,1.4375
Larva_215,1.3125
Larva_215,1.875
Larva_215,0.3125
Larva_215,0.125
Larva_215,0.1875
Larva_215,0.125
Larva_215,2.125
Larva_215,0.375
Larva_215,1.375
Larva_215,0.1875
Larva_215,1.375
Larva_215,0.25
Larva_215,0.25
Larva_215,0.3125
Larva_215,0.375
Larva_215,0.5625
Larva_215,0.1875
Larva_215,1.0
Larva_215,0.125
Larva_215,0.375
Larva_215,0.4375
Larva_215,0.25
Larva_215,0.1875
Larva_215,0.125
Larva_215,0.25
Larva_215,0.125
Larva_215,0.375
Larva_215,0.4375
Larva_215,0.6875
Larva_215,0.1875
Larva_215,0.25
Larva_215,0.125
Larva_215,0.25
Larva_217,0.5
Larva_217,0.5625
Larva_217,0.625
Larva_217,0.125
Larva_217,0.1875
Larva_217,2.125
Larva_217,1.0
Larva_217,0.3125
Larva_217,0.25
Larva_217,0.625
Larva_217,0.5
Larva_217,0.25
Larva_217,0.125
Larva_217,0.25
Larva_217,0.25
Larva_217,0.375
Larva_217,0.4375
Larva_217,0.6875
Larva_217,0.1875
Larva_217,2.0625
Larva_217,0.25
Larva_217,0.3125
Larva_217,0.6875
Larva_217,1.75
Larva_217,0.1875
Larva_217,0.6875
Larva_217,0.1875
Larva_217,0.625
Larva_217,0.6875
Larva_217,0.5625
Larva_217,0.5625
Larva_217,0.25
Larva_217,0.3125
Larva_217,0.5625
Larva_217,2.5
Larva_217,0.5
Larva_217,0.125
Larva_217,0.3125
Larva_217,0.8125
Larva_217,0.5625
Larva_217,0.25
Larva_217,0.1875
Larva_217,0.4375
Larva_217,0.125
Larva_217,0.75
Larva_217,0.375
Larva_217,1.6875
Larva_217,0.125
Larva_218,0.375
Larva_218,0.4375
Larva_218,1.0
Larva_218,0.3125
Larva_218,0.125
Larva_218,0.125
Larva_218,0.25
Larva_218,0.1875
Larva_218,0.1875
Larva_218,0.1875
Larva_218,0.125
Larva_218,0.125
Larva_218,0.875
Larva_218,0.125
Larva_218,0.125
Larva_218,0.375
Larva_218,0.125
Larva_218,0.3125
Larva_218,0.4375
Larva_218,0.25
Larva_218,0.125
Larva_218,0.125
Larva_218,0.3125
Larva_218,0.125
Larva_218,0.375
Larva_218,0.6875
Larva_218,0.1875
Larva_218,0.625
Larva_218,0.1875
Larva_218,0.125
Larva_218,0.125
Larva_218,0.125
Larva_218,0.125
Larva_218,0.25
Larva_218,0.625
Larva_218,0.25
Larva_218,0.1875
Larva_218,0.5625
Larva_218,0.375
Larva_218,0.125
Larva_218,0.4375
Larva_218,0.125
Larva_218,1.0
Larva_218,0.125
Larva_218,0.5625
Larva_218,0.125
Larva_218,0.25
Larva_218,0.625
Larva_218,0.125
Larva_218,1.125
Larva_22,0.3125
Larva_22,0.625
Larva_22,0.1875
Larva_22,0.25
Larva_22,0.125
Larva_22,1.1875
Larva_22,0.25
Larva_22,0.25
Larva_22,0.4375
Larva_22,0.1875
Larva_22,0.25
Larva_22,0.125
Larva_22,0.5
Larva_22,0.125
Larva_22,0.125
Larva_22,0.1875
Larva_22,0.1875
Larva_22,0.125
Larva_22,0.125
Larva_22,0.25
Larva_22,0.1875
Larva_22,0.125
Larva_22,0.1875
Larva_22,0.4375
Larva_22,0.375
Larva_22,0.1875
Larva_22,0.125
Larva_22,0.3125
Larva_22,0.125
Larva_22,0.25
Larva_22,0.1875
Larva_22,0.1875
Larva_22,0.25
Larva_22,0.25
Larva_22,0.1875
Larva_22,0.125
Larva_22,0.25
Larva_22,0.1875
Larva_22,0.4375
Larva_22,0.3125
Larva_22,0.1875
Larva_22,0.125
Larva_22,0.9375
Larva_22,0.25
Larva_22,0.125
Larva_223,0.3125
Larva_223,0.3125
Larva_223,0.4375
Larva_223,0.375
Larva_223,0.25
Larva_223,0.4375
Larva_223,0.6875
Larva_223,0.375
Larva_223,0.5625
Larva_223,0.3125
Larva_224,0.375
Larva_224,0.1875
Larva_224,1.8125
Larva_224,0.1875
Larva_224,0.125
Larva_224,0.5
Larva_224,0.5
Larva_226,0.9375
Larva_226,0.25
Larva_226,0.1875
Larva_226,0.125
Larva_226,0.75
Larva_226,0.5
Larva_226,0.125
Larva_226,0.125
Larva_226,0.1875
Larva_226,0.125
Larva_226,0.125
Larva_226,0.125
Larva_226,0.125
Larva_226,0.125
Larva_226,1.0
Larva_226,0.375
Larva_226,0.4375
Larva_226,0.125
Larva_226,0.125
Larva_226,0.75
Larva_226,0.5
Larva_226,0.1875
Larva_226,0.25
Larva_226,2.8125
Larva_226,0.125
Larva_228,0.375
Larva_228,0.125
Larva_228,0.25
Larva_228,0.1875
Larva_228,0.1875
Larva_228,0.1875
Larva_228,0.125
Larva_228,0.4375
Larva_228,0.125
Larva_228,0.8125
Larva_228,0.1875
Larva_228,0.125
Larva_228,0.3125
Larva_228,0.125
Larva_229,0.25
Larva_229,0.375
Larva_229,0.9375
Larva_229,0.25
Larva_229,0.1875
Larva_229,0.125
Larva_229,0.25
Larva_229,0.1875
Larva_229,0.125
Larva_229,0.1875
Larva_229,0.1875
Larva_229,0.1875
Larva_229,0.1875
Larva_229,0.25
Larva_23,0.125
Larva_23,0.4375
Larva_23,0.8125
Larva_23,0.3125
Larva_23,0.3125
Larva_23,0.6875
Larva_23,0.125
Larva_23,0.3125
Larva_23,0.3125
Larva_23,0.125
Larva_23,0.4375
Larva_23,0.375
Larva_23,0.1875
Larva_23,0.125
Larva_23,0.125
Larva_23,0.375
Larva_23,0.1875
Larva_23,0.3125
Larva_23,0.25
Larva_23,0.375
Larva_23,0.3125
Larva_23,0.4375
Larva_23,0.4375
Larva_23,0.125
Larva_23,1.25
Larva_23,0.25
Larva_23,0.1875
Larva_23,0.25
Larva_230,0.125
Larva_230,0.5625
Larva_230,0.3125
Larva_230,0.125
Larva_230,0.25
Larva_230,0.3125
Larva_230,0.375
Larva_230,1.3125
Larva_230,0.3125
Larva_230,0.125
Larva_230,0.1875
Larva_231,0.125
Larva_231,0.25
Larva_231,0.1875
Larva_233,0.3125
Larva_233,0.3125
Larva_233,0.125
Larva_233,0.9375
Larva_233,0.3125
Larva_233,0.375
Larva_233,0.125
Larva_233,0.3125
Larva_233,0.25
Larva_233,0.8125
Larva_233,0.5625
Larva_233,0.125
Larva_233,0.25
Larva_233,0.4375
Larva_233,1.4375
Larva_233,0.25
Larva_234,0.1875
Larva_234,0.625
Larva_234,0.375
Larva_234,0.125
Larva_234,0.125
Larva_234,0.625
Larva_234,0.125
Larva_234,0.4375
Larva_234,1.1875
Larva_234,0.5
Larva_234,0.125
Larva_234,2.0625
Larva_234,0.1875
Larva_234,0.125
Larva_234,0.125
Larva_234,0.875
Larva_234,0.125
Larva_234,0.125
Larva_234,0.1875
Larva_234,0.4375
Larva_234,0.1875
Larva_236,0.75
Larva_236,0.375
Larva_236,0.125
Larva_236,0.3125
Larva_236,0.1875
Larva_236,0.25
Larva_236,0.1875
Larva_236,0.5625
Larva_236,0.125
Larva_236,1.6875
Larva_236,0.1875
Larva_236,0.125
Larva_236,0.125
Larva_236,0.3125
Larva_236,0.1875
Larva_236,0.375
Larva_236,0.9375
Larva_236,0.1875
Larva_236,0.125
Larva_236,0.375
Larva_236,0.125
Larva_236,0.3125
Larva_236,0.125
Larva_236,0.1875
Larva_236,0.3125
Larva_236,0.25
Larva_236,0.3125
Larva_236,0.125
Larva_236,0.6875
Larva_236,1.125
Larva_236,0.3125
Larva_236,0.3125
Larva_236,0.125
Larva_236,0.625
Larva_236,0.25
Larva_236,0.5625
Larva_236,1.25
Larva_236,0.25
Larva_238,0.125
Larva_238,0.125
Larva_238,0.125
Larva_238,0.25
Larva_238,0.1875
Larva_238,0.1875
Larva_238,0.625
Larva_238,0.1875
Larva_238,0.125
Larva_238,0.125
Larva_238,0.1875
Larva_240,0.125
Larva_240,0.9375
Larva_240,0.125
Larva_240,0.125
Larva_240,0.6875
Larva_240,0.3125
Larva_240,0.5625
Larva_240,0.125
Larva_240,0.125
Larva_240,0.1875
Larva_240,0.875
Larva_240,0.5625
Larva_240,0.5
Larva_240,0.3125
Larva_240,0.3125
Larva_240,0.1875
Larva_240,0.5
Larva_240,0.125
Larva_240,0.125
Larva_240,0.125
Larva_240,0.125
Larva_240,0.5625
Larva_240,0.1875
Larva_240,0.5
Larva_241,0.125
Larva_241,0.5625
Larva_241,0.1875
Larva_241,0.5625
Larva_241,0.3125
Larva_241,1.1875
Larva_241,0.3125
Larva_241,0.125
Larva_241,0.625
Larva_241,0.125
Larva_241,0.3125
Larva_241,1.1875
Larva_241,1.3125
Larva_241,3.1875
Larva_241,0.5
Larva_241,0.25
Larva_241,1.625
Larva_241,0.25
Larva_241,0.125
Larva_241,0.3125
Larva_241,1.0
Larva_243,0.3125
Larva_243,2.625
Larva_243,0.9375
Larva_243,0.5
Larva_243,0.9375
Larva_243,0.25
Larva_243,0.4375
Larva_243,1.1875
Larva_243,0.1875
Larva_243,0.4375
Larva_243,0.25
Larva_243,0.1875
Larva_243,0.5
Larva_243,0.125
Larva_243,0.5
Larva_243,0.25
Larva_243,0.5625
Larva_243,1.4375
Larva_243,1.0625
Larva_243,0.125
Larva_243,0.3125
Larva_243,0.3125
Larva_243,1.75
Larva_243,0.5
Larva_243,1.4375
Larva_243,0.125
Larva_243,0.3125
Larva_243,0.1875
Larva_243,1.0
Larva_243,0.6875
Larva_243,0.5625
Larva_243,1.3125
Larva_243,0.1875
Larva_243,0.1875
Larva_243,0.25
Larva_243,0.1875
Larva_243,1.25
Larva_244,0.1875
Larva_244,0.3125
Larva_244,0.6875
Larva_244,0.5
Larva_244,0.4375
Larva_244,0.125
Larva_244,0.3125
Larva_244,0.3125
Larva_244,0.6875
Larva_244,0.125
Larva_244,0.3125
Larva_244,0.25
Larva_244,0.875
Larva_244,0.125
Larva_244,0.125
Larva_244,0.5
Larva_244,0.25
Larva_244,0.1875
Larva_244,0.75
Larva_244,0.3125
Larva_244,2.0
Larva_244,0.25
Larva_244,0.5625
Larva_244,0.5625
Larva_244,0.3125
Larva_244,0.25
Larva_244,0.375
Larva_244,0.3125
Larva_244,0.1875
Larva_244,0.125
Larva_244,1.4375
Larva_244,0.125
Larva_244,0.625
Larva_244,0.375
Larva_244,0.5625
Larva_244,1.0
Larva_244,0.1875
Larva_244,1.6875
Larva_244,0.125
Larva_244,0.625
Larva_244,1.6875
Larva_244,0.5
Larva_244,0.5
Larva_244,1.5
Larva_244,1.375
Larva_244,0.25
Larva_244,0.3125
Larva_244,0.25
Larva_244,0.5625
Larva_245,0.125
Larva_245,0.75
Larva_245,0.125
Larva_245,0.125
Larva_245,0.875
Larva_245,0.75
Larva_245,0.1875
Larva_245,0.375
Larva_245,0.8125
Larva_245,0.125
Larva_245,0.125
Larva_245,0.125
Larva_245,0.125
Larva_245,0.125
Larva_245,0.125
Larva_246,0.1875
Larva_246,0.25
Larva_246,0.5625
Larva_246,0.125
Larva_246,0.25
Larva_246,0.3125
Larva_246,0.6875
Larva_246,0.5625
Larva_246,0.125
Larva_246,0.1875
Larva_246,0.25
Larva_246,0.1875
Larva_246,0.6875
Larva_246,0.125
Larva_246,0.1875
Larva_246,0.125
Larva_246,0.25
Larva_246,0.25
Larva_246,0.5625
Larva_246,0.125
Larva_246,0.25
Larva_246,0.1875
Larva_246,0.125
Larva_246,0.125
Larva_246,0.4375
Larva_246,0.125
Larva_246,0.75
Larva_246,0.25
Larva_246,0.25
Larva_246,0.125
Larva_250,0.1875
Larva_250,0.9375
Larva_250,0.8125
Larva_250,0.125
Larva_250,0.75
Larva_250,0.8125
Larva_250,0.125
Larva_250,0.125
Larva_250,0.375
Larva_250,0.6875
Larva_250,1.9375
Larva_250,0.8125
Larva_250,0.375
Larva_250,1.375
Larva_250,0.1875
Larva_250,0.125
Larva_250,1.3125
Larva_250,0.1875
Larva_250,0.625
Larva_250,0.25
Larva_250,0.25
Larva_250,0.6875
Larva_250,0.25
Larva_250,0.1875
Larva_250,0.3125
Larva_250,0.3125
Larva_250,0.3125
Larva_250,0.5625
Larva_250,0.875
Larva_250,0.375
Larva_250,0.5625
Larva_250,0.5
Larva_250,0.5625
Larva_250,0.1875
Larva_250,0.375
Larva_250,0.125
Larva_250,2.25
Larva_250,0.25
Larva_250,0.25
Larva_253,0.125
Larva_253,1.25
Larva_253,1.125
Larva_253,0.1875
Larva_253,0.125
Larva_253,0.1875
Larva_253,0.3125
Larva_253,0.125
Larva_253,0.125
Larva_253,0.3125
Larva_253,0.5625
Larva_253,0.375
Larva_253,0.1875
Larva_253,0.125
Larva_253,0.1875
Larva_253,0.3125
Larva_253,0.1875
Larva_253,0.1875
Larva_253,0.1875
Larva_253,0.125
Larva_253,0.6875
Larva_253,1.0625
Larva_253,0.25
Larva_253,0.125
Larva_253,0.125
Larva_253,0.1875
Larva_253,0.25
Larva_253,0.5625
Larva_253,0.875
Larva_253,1.125
Larva_253,2.0625
Larva_253,0.8125
Larva_253,0.125
Larva_253,0.125
Larva_253,0.5
Larva_254,0.625
Larva_254,0.1875
Larva_254,0.5
Larva_254,0.125
Larva_254,10.25
Larva_254,2.8125
Larva_254,0.5625
Larva_254,0.375
Larva_254,0.4375
Larva_254,1.25
Larva_254,2.5625
Larva_254,1.5
Larva_254,0.125
Larva_254,0.125
Larva_254,0.4375
Larva_254,0.125
Larva_254,0.3125
Larva_254,0.1875
Larva_254,0.4375
Larva_254,1.375
Larva_254,0.25
Larva_254,0.625
Larva_254,0.3125
Larva_254,0.625
Larva_254,0.3125
Larva_254,0.4375
Larva_254,0.3125
Larva_254,0.125
Larva_254,0.1875
Larva_254,0.125
Larva_254,0.8125
Larva_254,1.1875
Larva_254,0.125
Larva_257,0.25
Larva_257,3.5
Larva_257,0.1875
Larva_257,0.125
Larva_257,0.125
Larva_257,1.0
Larva_257,0.25
Larva_257,0.25
Larva_257,1.25
Larva_257,0.25
Larva_257,0.75
Larva_257,0.1875
Larva_257,1.375
Larva_257,0.125
Larva_257,1.5
Larva_257,0.125
Larva_257,0.1875
Larva_257,0.25
Larva_257,0.1875
Larva_257,0.75
Larva_257,0.1875
Larva_257,0.1875
Larva_257,0.3125
Larva_257,0.5
Larva_257,1.125
Larva_257,0.1875
Larva_257,0.125
Larva_257,0.125
Larva_257,0.625
Larva_257,0.1875
Larva_257,0.125
Larva_257,0.6875
Larva_257,2.1875
Larva_257,0.125
Larva_257,0.25
Larva_257,0.75
Larva_257,0.9375
Larva_257,0.125
Larva_257,1.875
Larva_257,0.125
Larva_257,0.375
Larva_257,0.125
Larva_257,0.125
Larva_257,0.1875
Larva_257,0.75
Larva_257,0.375
Larva_257,0.1875
Larva_257,0.1875
Larva_257,0.1875
Larva_257,0.3125
Larva_257,1.75
Larva_257,0.125
Larva_257,0.75
Larva_257,0.375
Larva_257,0.3125
Larva_257,0.375
Larva_257,0.125
Larva_257,0.125
Larva_257,0.5625
Larva_257,0.125
Larva_259,0.375
Larva_259,0.5
Larva_259,0.125
Larva_259,0.1875
Larva_259,0.4375
Larva_259,0.1875
Larva_259,0.75
Larva_259,0.125
Larva_261,0.25
Larva_261,0.5
Larva_261,0.5
Larva_261,0.125
Larva_261,0.25
Larva_261,0.3125
Larva_261,0.125
Larva_261,0.125
Larva_262,0.625
Larva_262,0.9375
Larva_262,0.3125
Larva_262,0.3125
Larva_262,0.3125
Larva_262,0.125
Larva_262,0.3125
Larva_262,0.125
Larva_262,0.125
Larva_262,0.125
Larva_265,0.1875
Larva_265,0.9375
Larva_265,1.4375
Larva_265,7.875
Larva_265,0.1875
Larva_265,0.375
Larva_265,0.125
Larva_265,0.8125
Larva_265,0.125
Larva_265,0.5625
Larva_265,0.125
Larva_265,0.1875
Larva_265,0.4375
Larva_265,0.4375
Larva_265,0.1875
Larva_265,0.5
Larva_265,0.25
Larva_265,0.125
Larva_265,0.3125
Larva_265,0.1875
Larva_266,0.1875
Larva_266,0.625
Larva_266,0.125
Larva_266,0.8125
Larva_266,0.375
Larva_266,0.1875
Larva_266,1.5
Larva_266,0.125
Larva_266,0.375
Larva_266,0.8125
Larva_266,0.3125
Larva_266,0.5
Larva_266,0.1875
Larva_266,0.6875
Larva_266,0.6875
Larva_266,0.1875
Larva_266,0.5
Larva_266,0.875
Larva_266,0.1875
Larva_266,0.3125
Larva_266,0.1875
Larva_266,0.25
Larva_266,0.125
Larva_266,11.4375
Larva_266,0.1875
Larva_266,0.1875
Larva_266,0.125
Larva_267,0.3125
Larva_267,0.1875
Larva_27,0.4375
Larva_27,1.0
Larva_27,0.625
Larva_27,0.125
Larva_27,0.6875
Larva_27,0.5
Larva_27,0.375
Larva_27,0.375
Larva_27,0.25
Larva_27,0.125
Larva_27,0.4375
Larva_27,0.1875
Larva_27,0.375
Larva_27,0.25
Larva_27,0.1875
Larva_27,0.375
Larva_27,1.0
Larva_27,0.125
Larva_27,0.4375
Larva_27,0.1875
Larva_27,1.25
Larva_27,0.125
Larva_27,0.3125
Larva_27,0.125
Larva_27,0.125
Larva_27,0.6875
Larva_27,0.25
Larva_27,1.25
Larva_27,0.5625
Larva_27,0.125
Larva_27,0.1875
Larva_27,0.3125
Larva_27,0.125
Larva_27,0.3125
Larva_27,0.5
Larva_271,0.3125
Larva_271,0.125
Larva_271,0.125
Larva_271,0.1875
Larva_271,0.125
Larva_271,0.1875
Larva_271,0.125
Larva_271,0.1875
Larva_271,0.125
Larva_271,0.25
Larva_271,0.5625
Larva_271,0.375
Larva_271,0.375
Larva_271,0.125
Larva_272,0.125
Larva_272,0.125
Larva_272,0.125
Larva_272,0.125
Larva_272,0.125
Larva_272,0.3125
Larva_272,0.125
Larva_272,0.1875
Larva_272,0.125
Larva_272,0.1875
Larva_272,0.125
Larva_272,1.0
Larva_272,0.125
Larva_272,0.125
Larva_272,0.125
Larva_272,0.3125
Larva_272,0.4375
Larva_272,1.3125
Larva_272,0.125
Larva_272,0.1875
Larva_272,0.5
Larva_272,0.125
Larva_272,1.5
Larva_272,0.125
Larva_272,0.1875
Larva_272,0.3125
Larva_272,0.125
Larva_272,1.5625
Larva_272,0.125
Larva_272,0.6875
Larva_272,0.1875
Larva_273,1.0625
Larva_273,1.3125
Larva_273,0.125
Larva_273,0.1875
Larva_273,1.5
Larva_273,0.25
Larva_273,0.4375
Larva_273,1.5
Larva_273,0.3125
Larva_273,0.125
Larva_273,0.3125
Larva_273,0.5625
Larva_273,1.0625
Larva_273,0.3125
Larva_273,1.125
Larva_273,0.8125
Larva_273,0.4375
Larva_273,0.3125
Larva_273,0.6875
Larva_273,0.125
Larva_273,1.0
Larva_273,0.125
Larva_273,8.6875
Larva_273,0.875
Larva_273,0.4375
Larva_274,0.75
Larva_274,0.625
Larva_274,0.375
Larva_274,0.25
Larva_274,0.1875
Larva_274,0.25
Larva_274,1.375
Larva_274,0.25
Larva_274,0.1875
Larva_277,0.5625
Larva_277,0.125
Larva_277,0.25
Larva_277,0.5625
Larva_277,0.125
Larva_277,0.375
Larva_277,0.5
Larva_277,1.0625
Larva_277,0.4375
Larva_277,0.1875
Larva_277,0.5
Larva_277,2.1875
Larva_277,0.1875
Larva_277,0.1875
Larva_277,0.3125
Larva_277,0.375
Larva_277,0.4375
Larva_277,0.375
Larva_277,0.75
Larva_277,0.75
Larva_277,0.1875
Larva_277,0.125
Larva_277,0.1875
Larva_277,0.8125
Larva_277,1.0625
Larva_277,0.3125
Larva_277,0.1875
Larva_277,0.1875
Larva_277,0.3125
Larva_277,0.25
Larva_277,0.125
Larva_277,0.4375
Larva_278,0.625
Larva_278,0.125
Larva_278,0.375
Larva_278,0.625
Larva_278,1.125
Larva_278,0.1875
Larva_278,1.3125
Larva_278,0.8125
Larva_278,0.1875
Larva_278,0.25
Larva_278,0.5
Larva_278,0.125
Larva_278,0.25
Larva_278,2.1875
Larva_278,1.125
Larva_278,0.1875
Larva_278,0.125
Larva_278,1.125
Larva_278,0.9375
Larva_278,1.0
Larva_278,1.0625
Larva_278,0.375
Larva_278,1.0
Larva_278,0.75
Larva_278,0.75
Larva_278,0.4375
Larva_279,1.25
Larva_279,0.625
Larva_279,0.125
Larva_279,0.375
Larva_279,1.375
Larva_279,0.25
Larva_279,1.0625
Larva_279,0.3125
Larva_279,0.5625
Larva_279,0.9375
Larva_279,0.3125
Larva_279,0.125
Larva_279,0.875
Larva_279,0.25
Larva_279,1.5625
Larva_279,0.8125
Larva_279,0.125
Larva_279,1.4375
Larva_279,0.1875
Larva_279,0.625
Larva_279,0.125
Larva_279,0.125
Larva_279,1.0625
Larva_279,0.625
Larva_279,0.1875
Larva_279,0.5625
Larva_279,1.3125
Larva_279,0.3125
Larva_279,0.875
Larva_279,0.8125
Larva_279,1.3125
Larva_279,0.1875
Larva_279,0.75
Larva_279,1.3125
Larva_279,0.1875
Larva_279,0.5625
Larva_279,0.4375
Larva_279,1.5
Larva_279,0.4375
Larva_279,0.125
Larva_279,0.8125
Larva_279,0.3125
Larva_281,0.25
Larva_281,0.125
Larva_281,0.4375
Larva_281,0.125
Larva_281,0.125
Larva_281,1.125
Larva_281,0.375
Larva_281,0.125
Larva_281,0.125
Larva_281,0.125
Larva_281,0.375
Larva_281,0.125
Larva_281,0.1875
Larva_281,0.5
Larva_281,0.5625
Larva_281,0.1875
Larva_281,1.375
Larva_281,0.1875
Larva_281,0.8125
Larva_281,0.3125
Larva_281,0.1875
Larva_281,0.3125
Larva_281,0.9375
Larva_281,0.125
Larva_281,0.375
Larva_281,0.125
Larva_281,0.5
Larva_281,0.125
Larva_281,0.125
Larva_281,0.125
Larva_281,0.3125
Larva_281,0.3125
Larva_281,1.3125
Larva_282,0.5625
Larva_282,1.0625
Larva_282,0.1875
Larva_282,0.5
Larva_282,1.25
Larva_282,0.5625
Larva_282,0.1875
Larva_282,0.75
Larva_282,0.75
Larva_282,0.625
Larva_282,0.1875
Larva_282,0.625
Larva_282,0.1875
Larva_282,0.125
Larva_282,0.375
Larva_282,0.875
Larva_282,0.3125
Larva_282,0.125
Larva_282,0.25
Larva_282,0.125
Larva_282,0.6875
Larva_282,0.125
Larva_282,1.3125
Larva_282,0.5625
Larva_282,0.375
Larva_282,0.3125
Larva_282,0.625
Larva_282,0.3125
Larva_282,0.4375
Larva_282,0.8125
Larva_282,0.125
Larva_282,0.1875
Larva_282,0.125
Larva_282,0.125
Larva_282,0.1875
Larva_282,0.5625
Larva_282,0.1875
Larva_282,0.3125
Larva_282,0.125
Larva_282,0.1875
Larva_282,0.4375
Larva_282,0.25
Larva_282,0.125
Larva_282,0.1875
Larva_282,0.125
Larva_283,0.375
Larva_283,0.125
Larva_283,0.5625
Larva_283,0.625
Larva_283,0.625
Larva_283,0.3125
Larva_283,0.1875
Larva_283,0.125
Larva_283,1.5625
Larva_283,0.1875
Larva_283,0.625
Larva_283,0.3125
Larva_283,0.3125
Larva_283,0.375
Larva_283,0.5
Larva_283,0.125
Larva_283,0.1875
Larva_283,0.125
Larva_283,0.4375
Larva_283,0.125
Larva_283,0.125
Larva_283,0.3125
Larva_283,0.1875
Larva_283,0.375
Larva_283,0.9375
Larva_283,0.125
Larva_283,0.75
Larva_283,0.375
Larva_283,0.25
Larva_283,0.125
Larva_283,0.8125
Larva_283,0.125
Larva_283,0.1875
Larva_283,0.1875
Larva_283,0.125
Larva_283,0.125
Larva_283,0.4375
Larva_283,0.8125
Larva_283,0.1875
Larva_283,1.25
Larva_283,0.125
Larva_283,0.125
Larva_283,0.25
Larva_283,0.25
Larva_283,0.25
Larva_283,0.1875
Larva_283,0.1875
Larva_283,0.25
Larva_283,0.1875
Larva_283,0.125
Larva_284,0.25
Larva_284,0.1875
Larva_284,0.125
Larva_284,0.4375
Larva_284,0.375
Larva_284,0.125
Larva_284,0.875
Larva_284,0.125
Larva_284,0.8125
Larva_284,0.125
Larva_284,0.5
Larva_284,0.125
Larva_284,0.125
Larva_284,0.4375
Larva_284,0.4375
Larva_284,0.875
Larva_284,0.75
Larva_284,0.125
Larva_284,0.75
Larva_284,0.3125
Larva_284,0.25
Larva_284,0.125
Larva_284,0.6875
Larva_284,0.3125
Larva_284,0.1875
Larva_284,0.5
Larva_284,0.125
Larva_284,0.125
Larva_284,0.125
Larva_284,0.125
Larva_284,0.1875
Larva_284,0.4375
Larva_284,0.25
Larva_284,0.4375
Larva_284,0.125
Larva_284,0.125
Larva_284,0.4375
Larva_284,0.25
Larva_284,0.1875
Larva_284,0.1875
Larva_284,0.5625
Larva_284,0.125
Larva_285,0.3125
Larva_285,0.125
Larva_285,0.1875
Larva_285,0.5625
Larva_285,1.8125
Larva_285,0.125
Larva_285,0.4375
Larva_285,0.125
Larva_285,0.4375
Larva_285,0.125
Larva_285,0.5
Larva_285,0.5625
Larva_285,0.375
Larva_285,0.125
Larva_285,0.25
Larva_285,0.125
Larva_285,0.5
Larva_285,0.25
Larva_285,0.5
Larva_285,0.125
Larva_285,0.125
Larva_285,0.1875
Larva_285,0.25
Larva_285,0.1875
Larva_285,0.5
Larva_285,0.375
Larva_285,0.3125
Larva_285,0.625
Larva_285,0.125
Larva_285,0.625
Larva_285,0.3125
Larva_29,0.125
Larva_29,0.125
Larva_29,0.1875
Larva_29,0.5625
Larva_290,0.8125
Larva_290,0.375
Larva_290,0.4375
Larva_290,0.1875
Larva_290,0.3125
Larva_290,0.125
Larva_290,2.25
Larva_290,0.1875
Larva_290,0.5625
Larva_290,0.125
Larva_290,0.5
Larva_290,0.125
Larva_290,0.1875
Larva_290,0.6875
Larva_290,0.1875
Larva_290,1.5625
Larva_291,0.125
Larva_291,0.25
Larva_291,0.125
Larva_291,0.375
Larva_291,0.4375
Larva_291,0.1875
Larva_291,1.9375
Larva_291,0.125
Larva_291,0.5
Larva_291,0.125
Larva_291,0.25
Larva_296,0.5
Larva_296,0.125
Larva_296,1.875
Larva_296,0.5
Larva_296,0.4375
Larva_296,0.3125
Larva_296,0.25
Larva_296,0.875
Larva_296,0.125
Larva_296,0.625
Larva_296,1.1875
Larva_296,0.125
Larva_296,0.4375
Larva_297,0.4375
Larva_297,0.125
Larva_297,0.125
Larva_297,0.125
Larva_297,0.3125
Larva_297,0.125
Larva_297,0.3125
Larva_297,0.6875
Larva_297,0.125
Larva_297,0.125
Larva_297,0.1875
Larva_297,0.125
Larva_297,0.625
Larva_297,0.75
Larva_297,0.5625
Larva_297,0.1875
Larva_297,0.3125
Larva_297,0.125
Larva_297,0.25
Larva_297,0.125
Larva_297,0.125
Larva_297,0.1875
Larva_298,1.125
Larva_298,0.9375
Larva_298,1.125
Larva_298,0.5
Larva_298,0.25
Larva_298,0.1875
Larva_298,1.5625
Larva_299,0.125
Larva_299,0.125
Larva_299,0.1875
Larva_299,0.25
Larva_299,0.25
Larva_299,0.375
Larva_299,0.125
Larva_3,0.125
Larva_3,0.125
Larva_3,0.4375
Larva_3,0.125
Larva_3,0.5625
Larva_3,0.625
Larva_3,0.375
Larva_3,1.1875
Larva_3,0.375
Larva_3,0.5625
Larva_3,0.125
Larva_3,0.125
Larva_3,3.0
Larva_3,0.1875
Larva_3,0.1875
Larva_3,0.125
Larva_300,0.1875
Larva_300,0.375
Larva_300,0.3125
Larva_300,0.125
Larva_300,1.4375
Larva_300,0.125
Larva_300,0.125
Larva_300,0.375
Larva_300,0.125
Larva_300,0.125
Larva_300,0.125
Larva_300,0.125
Larva_300,0.8125
Larva_300,0.125
Larva_300,0.125
Larva_300,0.4375
Larva_300,0.375
Larva_32,0.5
Larva_32,0.125
Larva_32,0.375
Larva_32,0.3125
Larva_32,0.25
Larva_32,0.5
Larva_33,0.3125
Larva_33,0.4375
Larva_33,0.1875
Larva_33,0.125
Larva_33,0.1875
Larva_33,0.375
Larva_33,0.4375
Larva_33,0.1875
Larva_33,0.375
Larva_33,0.125
Larva_35,0.125
Larva_35,0.25
Larva_35,0.5625
Larva_35,0.5
Larva_35,0.875
Larva_35,0.25
Larva_35,0.375
Larva_35,0.25
Larva_35,0.125
Larva_35,0.5625
Larva_35,0.4375
Larva_35,0.125
Larva_35,0.375
Larva_35,0.25
Larva_35,0.75
Larva_35,0.5625
Larva_36,0.25
Larva_36,0.375
Larva_36,0.25
Larva_36,0.125
Larva_36,0.125
Larva_37,0.5
Larva_37,0.1875
Larva_37,0.3125
Larva_37,0.125
Larva_37,0.125
Larva_37,0.125
Larva_37,0.1875
Larva_37,0.4375
Larva_38,0.25
Larva_38,0.5
Larva_38,0.375
Larva_38,0.4375
Larva_38,0.125
Larva_38,0.3125
Larva_38,0.25
Larva_38,0.1875
Larva_38,0.5625
Larva_38,0.125
Larva_38,0.125
Larva_38,0.5
Larva_38,1.125
Larva_38,0.1875
Larva_38,0.1875
Larva_38,0.1875
Larva_38,0.1875
Larva_38,0.125
Larva_38,0.125
Larva_38,0.125
Larva_38,0.625
Larva_38,0.125
Larva_38,0.4375
Larva_38,0.25
Larva_39,0.3125
Larva_39,0.25
Larva_39,0.1875
Larva_39,0.1875
Larva_39,0.25
Larva_39,0.125
Larva_39,0.25
Larva_39,0.4375
Larva_39,0.625
Larva_39,0.5625
Larva_39,0.5625
Larva_39,0.8125
Larva_39,0.1875
Larva_39,0.1875
Larva_39,0.375
Larva_39,0.4375
Larva_39,0.3125
Larva_39,0.625
Larva_39,0.125
Larva_39,0.125
Larva_39,6.6875
Larva_39,0.25
Larva_4,0.125
Larva_4,0.375
Larva_4,0.3125
Larva_4,0.3125
Larva_4,1.3125
Larva_4,0.125
Larva_4,0.625
Larva_4,0.125
Larva_4,1.1875
Larva_4,0.6875
Larva_4,0.1875
Larva_4,0.4375
Larva_4,0.3125
Larva_4,0.125
Larva_4,0.25
Larva_4,0.75
Larva_4,0.125
Larva_4,0.125
Larva_4,0.3125
Larva_4,1.125
Larva_4,0.25
Larva_4,0.4375
Larva_4,0.6875
Larva_40,0.1875
Larva_40,0.875
Larva_40,0.125
Larva_40,0.125
Larva_40,0.125
Larva_40,0.1875
Larva_40,0.4375
Larva_40,0.3125
Larva_40,0.5
Larva_40,0.625
Larva_40,0.125
Larva_40,1.0625
Larva_40,0.1875
Larva_40,0.25
Larva_40,0.75
Larva_40,0.25
Larva_40,1.0625
Larva_40,0.1875
Larva_40,0.875
Larva_40,0.25
Larva_40,0.75
Larva_40,0.125
Larva_40,0.3125
Larva_40,0.5
Larva_40,0.25
Larva_40,0.1875
Larva_40,0.5625
Larva_40,0.4375
Larva_40,0.9375
Larva_40,0.125
Larva_40,0.375
Larva_40,0.125
Larva_40,0.125
Larva_40,0.5
Larva_40,0.25
Larva_40,0.5625
Larva_40,0.5625
Larva_40,1.25
Larva_40,0.3125
Larva_40,0.125
Larva_40,0.375
Larva_40,0.6875
Larva_40,0.125
Larva_40,0.125
Larva_40,0.25
Larva_40,0.75
Larva_40,0.125
Larva_40,0.125
Larva_42,0.25
Larva_42,0.25
Larva_42,0.6875
Larva_42,0.1875
Larva_42,0.1875
Larva_42,0.6875
Larva_42,1.0625
Larva_42,0.125
Larva_42,1.125
Larva_42,0.125
Larva_42,0.25
Larva_42,0.125
Larva_42,0.375
Larva_42,0.125
Larva_42,0.1875
Larva_42,0.4375
Larva_42,0.125
Larva_42,0.1875
Larva_42,0.3125
Larva_42,0.875
Larva_42,0.1875
Larva_43,0.125
Larva_43,0.3125
Larva_43,0.125
Larva_43,0.375
Larva_43,0.4375
Larva_43,0.25
Larva_43,0.4375
Larva_43,0.125
Larva_43,0.625
Larva_43,0.375
Larva_43,0.25
Larva_43,0.6875
Larva_43,0.25
Larva_43,0.125
Larva_43,0.1875
Larva_46,0.125
Larva_46,0.3125
Larva_46,0.5
Larva_46,0.4375
Larva_46,1.0
Larva_46,0.8125
Larva_46,0.3125
Larva_46,0.4375
Larva_46,0.6875
Larva_46,0.1875
Larva_46,0.125
Larva_46,0.375
Larva_46,0.1875
Larva_46,1.0
Larva_46,0.1875
Larva_46,0.125
Larva_46,0.125
Larva_46,0.125
Larva_46,0.125
Larva_46,0.3125
Larva_46,0.125
Larva_46,0.1875
Larva_46,0.3125
Larva_46,1.0625
Larva_46,0.1875
Larva_47,0.125
Larva_47,0.25
Larva_47,0.375
Larva_47,1.6875
Larva_47,0.3125
Larva_47,0.125
Larva_47,0.5
Larva_47,0.125
Larva_47,0.1875
Larva_47,0.125
Larva_47,0.25
Larva_47,0.875
Larva_47,0.625
Larva_47,0.125
Larva_47,0.625
Larva_47,0.1875
Larva_47,0.4375
Larva_47,0.125
Larva_47,0.25
Larva_47,0.125
Larva_47,0.1875
Larva_47,0.125
Larva_47,0.125
Larva_47,1.875
Larva_47,0.125
Larva_47,0.25
Larva_47,0.125
Larva_47,0.125
Larva_47,0.6875
Larva_47,0.375
Larva_47,0.1875
Larva_47,0.1875
Larva_47,0.25
Larva_47,0.125
Larva_47,0.75
Larva_47,0.125
Larva_47,0.125
Larva_47,0.4375
Larva_47,0.125
Larva_47,0.25
Larva_47,2.0
Larva_47,0.125
Larva_47,0.1875
Larva_47,0.75
Larva_47,0.125
Larva_47,1.125
Larva_47,0.25
Larva_47,0.125
Larva_47,0.1875
Larva_47,0.125
Larva_47,0.125
Larva_47,0.1875
Larva_47,0.125
Larva_47,0.1875
Larva_47,0.1875
Larva_47,0.625
Larva_47,0.1875
Larva_47,0.125
Larva_47,0.1875
Larva_47,0.125
Larva_47,0.5
Larva_47,0.125
Larva_47,0.8125
Larva_47,0.6875
Larva_47,0.5625
Larva_47,0.125
Larva_47,0.8125
Larva_47,0.1875
Larva_47,0.25
Larva_47,0.125
Larva_48,0.75
Larva_48,0.3125
Larva_48,0.5
Larva_48,1.125
Larva_48,0.125
Larva_48,0.125
Larva_50,0.625
Larva_50,0.1875
Larva_50,0.8125
Larva_50,0.4375
Larva_50,0.1875
Larva_50,0.625
Larva_50,0.25
Larva_50,0.1875
Larva_50,0.75
Larva_50,0.9375
Larva_50,0.1875
Larva_50,0.375
Larva_50,0.5
Larva_50,0.125
Larva_50,0.1875
Larva_51,0.25
Larva_51,0.125
Larva_51,0.125
Larva_51,0.125
Larva_51,0.375
Larva_51,0.125
Larva_52,0.5625
Larva_52,0.5
Larva_52,1.0
Larva_52,0.125
Larva_52,0.125
Larva_52,0.25
Larva_52,0.125
Larva_52,0.5
Larva_52,0.5
Larva_52,0.5
Larva_52,0.25
Larva_52,0.3125
Larva_52,1.1875
Larva_52,0.625
Larva_52,0.125
Larva_52,0.5
Larva_52,0.125
Larva_53,0.4375
Larva_53,0.1875
Larva_53,0.125
Larva_53,2.6875
Larva_53,0.625
Larva_53,0.125
Larva_53,0.5625
Larva_53,0.125
Larva_53,0.375
Larva_54,0.125
Larva_54,0.4375
Larva_54,0.1875
Larva_54,0.25
Larva_54,0.4375
Larva_54,0.125
Larva_54,0.5625
Larva_54,0.8125
Larva_54,0.3125
Larva_54,0.125
Larva_54,1.6875
Larva_54,0.3125
Larva_54,0.375
Larva_54,0.25
Larva_54,0.1875
Larva_54,0.125
Larva_54,0.1875
Larva_54,0.25
Larva_54,0.3125
Larva_54,0.25
Larva_54,0.25
Larva_54,0.375
Larva_57,0.1875
Larva_57,0.1875
Larva_57,0.6875
Larva_57,0.1875
Larva_57,0.4375
Larva_57,0.1875
Larva_57,0.125
Larva_57,0.3125
Larva_57,0.25
Larva_57,0.5625
Larva_57,0.125
Larva_57,0.25
Larva_57,0.375
Larva_58,0.375
Larva_58,0.1875
Larva_58,1.3125
Larva_58,0.1875
Larva_58,0.375
Larva_58,0.5
Larva_58,0.5
Larva_58,0.1875
Larva_58,0.3125
Larva_58,0.125
Larva_58,1.25
Larva_58,0.5625
Larva_58,0.25
Larva_58,0.625
Larva_58,0.1875
Larva_58,0.75
Larva_58,0.5625
Larva_58,0.875
Larva_58,1.25
Larva_58,0.625
Larva_58,0.125
Larva_58,0.375
Larva_58,0.125
Larva_58,0.875
Larva_58,0.5
Larva_58,1.1875
Larva_58,0.1875
Larva_58,0.25
Larva_58,0.625
Larva_58,0.5
Larva_58,0.8125
Larva_58,0.4375
Larva_58,0.4375
Larva_58,0.125
Larva_58,0.625
Larva_58,0.5
Larva_58,0.75
Larva_58,1.125
Larva_58,1.1875
Larva_58,1.4375
Larva_58,0.5
Larva_58,0.125
Larva_58,0.25
Larva_58,1.1875
Larva_58,0.25
Larva_58,0.4375
Larva_58,0.3125
Larva_58,0.3125
Larva_58,0.375
Larva_58,1.375
Larva_59,0.5
Larva_59,0.375
Larva_59,0.5
Larva_59,0.375
Larva_59,0.125
Larva_59,0.625
Larva_59,0.125
Larva_59,0.1875
Larva_59,0.1875
Larva_59,0.75
Larva_59,0.125
Larva_59,0.75
Larva_59,0.125
Larva_59,0.375
Larva_59,0.4375
Larva_59,0.6875
Larva_59,0.125
Larva_59,0.125
Larva_59,0.1875
Larva_59,0.375
Larva_59,0.125
Larva_59,1.0625
Larva_59,0.3125
Larva_59,0.3125
Larva_59,0.125
Larva_59,0.375
Larva_6,0.25
Larva_6,0.875
Larva_6,0.3125
Larva_6,0.125
Larva_6,0.5
Larva_6,0.25
Larva_6,0.4375
Larva_6,0.5
Larva_6,1.8125
Larva_6,0.1875
Larva_6,0.1875
Larva_6,0.125
Larva_6,1.25
Larva_6,0.125
Larva_6,0.6875
Larva_6,0.9375
Larva_6,0.375
Larva_61,0.25
Larva_61,0.125
Larva_61,0.125
Larva_61,0.1875
Larva_61,0.5
Larva_61,1.125
Larva_61,0.125
Larva_61,0.125
Larva_61,0.5625
Larva_61,0.125
Larva_61,0.375
Larva_61,0.375
Larva_61,0.3125
Larva_61,0.375
Larva_61,0.625
Larva_61,0.125
Larva_61,0.125
Larva_61,0.3125
Larva_61,0.1875
Larva_61,0.125
Larva_61,0.375
Larva_61,0.25
Larva_61,0.3125
Larva_61,0.3125
Larva_61,0.125
Larva_61,0.125
Larva_61,0.125
Larva_61,0.8125
Larva_61,0.125
Larva_61,0.1875
Larva_61,0.125
Larva_61,0.3125
Larva_67,0.5
Larva_67,0.25
Larva_67,0.9375
Larva_67,1.25
Larva_67,0.25
Larva_67,0.3125
Larva_67,0.125
Larva_67,0.3125
Larva_67,0.125
Larva_67,0.5
Larva_68,0.125
Larva_68,0.25
Larva_68,0.25
Larva_68,0.1875
Larva_68,0.125
Larva_68,0.125
Larva_68,0.25
Larva_68,0.125
Larva_68,0.625
Larva_68,0.125
Larva_68,0.6875
Larva_68,0.375
Larva_68,0.125
Larva_68,0.1875
Larva_68,0.3125
Larva_68,0.4375
Larva_68,0.5625
Larva_69,0.375
Larva_69,0.3125
Larva_69,0.25
Larva_69,1.25
Larva_69,0.25
Larva_69,0.25
Larva_69,0.5625
Larva_69,1.0625
Larva_69,0.5
Larva_69,0.625
Larva_69,0.75
Larva_69,0.4375
Larva_69,0.1875
Larva_69,0.125
Larva_7,0.875
Larva_7,0.1875
Larva_7,0.5625
Larva_7,0.25
Larva_7,0.625
Larva_7,0.1875
Larva_7,0.875
Larva_7,0.9375
Larva_7,0.5
Larva_7,0.375
Larva_7,0.9375
Larva_7,0.8125
Larva_7,0.375
Larva_7,0.8125
Larva_71,0.125
Larva_71,0.125
Larva_71,0.125
Larva_71,0.375
Larva_71,0.1875
Larva_71,0.9375
Larva_71,0.25
Larva_71,0.4375
Larva_71,0.1875
Larva_71,0.75
Larva_71,0.125
Larva_71,0.75
Larva_71,0.125
Larva_71,0.25
Larva_71,0.1875
Larva_71,0.5
Larva_72,0.25
Larva_72,0.25
Larva_72,0.3125
Larva_72,0.4375
Larva_72,0.25
Larva_72,0.125
Larva_72,0.125
Larva_72,0.625
Larva_72,0.25
Larva_72,1.5
Larva_72,0.125
Larva_72,0.1875
Larva_72,1.0625
Larva_72,0.3125
Larva_72,0.9375
Larva_72,0.25
Larva_72,0.5625
Larva_72,0.1875
Larva_72,0.125
Larva_72,0.75
Larva_72,0.25
Larva_72,0.1875
Larva_72,0.1875
Larva_72,0.125
Larva_72,0.125
Larva_72,1.0625
Larva_72,0.25
Larva_72,0.125
Larva_72,0.5625
Larva_72,0.5
Larva_72,0.8125
Larva_72,0.125
Larva_72,2.25
Larva_72,0.75
Larva_72,0.1875
Larva_72,0.125
Larva_72,0.25
Larva_72,0.125
Larva_72,0.8125
Larva_72,0.1875
Larva_72,0.5625
Larva_72,0.25
Larva_76,0.1875
Larva_76,0.4375
Larva_76,0.125
Larva_76,0.3125
Larva_76,0.1875
Larva_76,0.1875
Larva_76,0.4375
Larva_76,0.125
Larva_76,0.1875
Larva_76,0.1875
Larva_76,0.4375
Larva_76,0.125
Larva_76,0.1875
Larva_76,0.125
Larva_76,0.1875
Larva_76,0.1875
Larva_76,0.6875
Larva_76,0.75
Larva_76,0.4375
Larva_76,0.125
Larva_78,0.3125
Larva_78,0.4375
Larva_78,0.3125
Larva_78,0.375
Larva_78,0.3125
Larva_78,0.3125
Larva_78,0.25
Larva_78,0.125
Larva_78,0.125
Larva_78,0.125
Larva_78,0.1875
Larva_78,0.25
Larva_79,1.1875
Larva_79,0.6875
Larva_79,0.4375
Larva_79,0.3125
Larva_79,0.4375
Larva_79,0.6875
Larva_79,0.3125
Larva_79,0.5625
Larva_79,0.375
Larva_79,0.375
Larva_79,0.3125
Larva_79,0.1875
Larva_8,0.3125
Larva_8,0.1875
Larva_8,0.8125
Larva_8,0.1875
Larva_8,0.25
Larva_8,0.125
Larva_8,0.5625
Larva_8,0.125
Larva_8,0.3125
Larva_8,0.1875
Larva_8,0.3125
Larva_8,0.125
Larva_8,0.75
Larva_8,0.4375
Larva_8,0.9375
Larva_8,0.625
Larva_8,0.1875
Larva_8,0.375
Larva_8,0.6875
Larva_8,0.25
Larva_8,0.1875
Larva_8,0.125
Larva_8,0.875
Larva_8,0.125
Larva_81,0.1875
Larva_81,0.5
Larva_81,0.3125
Larva_81,0.1875
Larva_81,0.375
Larva_81,0.375
Larva_81,0.25
Larva_81,0.3125
Larva_81,0.1875
Larva_81,0.3125
Larva_81,0.375
Larva_81,0.1875
Larva_81,0.125
Larva_81,0.125
Larva_81,0.125
Larva_81,0.125
Larva_81,0.1875
Larva_81,0.125
Larva_81,0.5
Larva_83,0.375
Larva_83,0.1875
Larva_83,0.125
Larva_83,0.125
Larva_83,0.3125
Larva_83,0.125
Larva_83,0.1875
Larva_83,0.3125
Larva_83,0.4375
Larva_83,0.3125
Larva_83,0.25
Larva_83,0.125
Larva_83,1.0
Larva_83,0.125
Larva_83,0.25
Larva_83,1.125
Larva_83,0.3125
Larva_83,0.75
Larva_83,0.125
Larva_83,0.5
Larva_83,0.1875
Larva_83,0.125
Larva_83,0.125
Larva_83,0.1875
Larva_83,0.125
Larva_83,1.125
Larva_83,0.5625
Larva_83,0.3125
Larva_83,0.125
Larva_83,0.625
Larva_85,0.25
Larva_85,0.875
Larva_85,0.125
Larva_85,0.75
Larva_85,0.1875
Larva_85,0.4375
Larva_85,0.1875
Larva_85,0.3125
Larva_85,0.25
Larva_85,0.375
Larva_85,0.25
Larva_85,0.125
Larva_85,0.5625
Larva_85,0.125
Larva_85,0.125
Larva_85,1.0625
Larva_85,1.0625
Larva_85,0.5
Larva_85,0.3125
Larva_85,0.5
Larva_85,0.125
Larva_85,0.125
Larva_85,0.25
Larva_85,0.25
Larva_85,0.25
Larva_85,0.1875
Larva_85,0.125
Larva_85,0.1875
Larva_85,0.125
Larva_85,0.3125
Larva_87,0.3125
Larva_87,0.4375
Larva_87,0.4375
Larva_87,1.0
Larva_87,0.3125
Larva_87,0.1875
Larva_87,0.125
Larva_87,0.125
Larva_87,0.125
Larva_87,0.1875
Larva_87,0.875
Larva_87,0.6875
Larva_87,0.125
Larva_87,0.5625
Larva_87,0.8125
Larva_87,0.875
Larva_87,0.1875
Larva_87,0.125
Larva_87,0.125
Larva_87,0.25
Larva_87,1.5
Larva_87,0.125
Larva_87,0.5
Larva_87,0.4375
Larva_87,0.8125
Larva_87,0.25
Larva_87,0.125
Larva_87,1.125
Larva_87,0.5625
Larva_87,0.3125
Larva_87,0.125
Larva_87,0.625
Larva_87,0.25
Larva_87,0.125
Larva_87,0.125
Larva_88,0.5625
Larva_88,0.125
Larva_88,0.1875
Larva_88,0.3125
Larva_88,0.375
Larva_88,0.75
Larva_88,0.375
Larva_88,0.4375
Larva_88,0.125
Larva_88,1.0625
Larva_88,0.1875
Larva_88,0.125
Larva_88,1.3125
Larva_88,0.375
Larva_88,0.625
Larva_88,0.3125
Larva_88,0.125
Larva_88,0.25
Larva_88,0.4375
Larva_88,1.0
Larva_88,0.125
Larva_88,1.5625
Larva_88,0.3125
Larva_88,0.125
Larva_88,1.0625
Larva_88,0.625
Larva_88,0.25
Larva_88,1.0
Larva_88,0.1875
Larva_88,0.4375
Larva_88,0.125
Larva_88,0.125
Larva_88,0.3125
Larva_88,0.125
Larva_88,0.1875
Larva_88,0.1875
Larva_88,0.3125
Larva_88,0.5625
Larva_88,0.3125
Larva_9,0.125
Larva_9,0.5
Larva_9,0.4375
Larva_9,0.125
Larva_9,0.3125
Larva_9,0.9375
Larva_9,0.125
Larva_9,0.6875
Larva_9,0.125
Larva_9,0.6875
Larva_9,0.125
Larva_9,0.1875
Larva_9,0.4375
Larva_9,0.625
Larva_9,0.4375
Larva_9,0.625
Larva_9,0.1875
Larva_9,0.375
Larva_91,0.5625
Larva_91,0.25
Larva_91,0.625
Larva_91,1.0
Larva_91,1.1875
Larva_91,1.6875
Larva_91,0.3125
Larva_91,0.375
Larva_91,1.6875
Larva_91,0.4375
Larva_91,0.75
Larva_91,0.1875
Larva_91,0.3125
Larva_91,1.4375
Larva_91,0.875
Larva_91,1.3125
Larva_91,0.625
Larva_91,0.625
Larva_91,1.0
Larva_91,0.125
Larva_91,0.125
Larva_91,0.375
Larva_91,0.1875
Larva_91,0.125
Larva_91,0.125
Larva_91,0.5625
Larva_91,0.75
Larva_91,0.625
Larva_91,0.125
Larva_92,0.5
Larva_92,0.3125
Larva_92,0.375
Larva_92,1.0625
Larva_92,0.625
Larva_92,0.125
Larva_92,0.4375
Larva_93,0.6875
Larva_93,0.125
Larva_93,0.25
Larva_93,0.4375
Larva_93,0.1875
Larva_93,0.375
Larva_93,0.5
Larva_93,1.125
Larva_93,0.625
Larva_93,0.125
Larva_93,0.9375
Larva_93,0.1875
Larva_93,0.1875
Larva_93,1.125
Larva_93,0.1875
Larva_93,0.125
Larva_93,1.8125
Larva_93,0.125
Larva_93,0.125
Larva_93,1.3125
Larva_93,0.125
Larva_93,1.1875
Larva_93,1.375
Larva_93,0.5
Larva_93,0.25
Larva_93,0.1875
Larva_93,0.4375
Larva_93,0.625
Larva_93,0.25
Larva_93,0.125
Larva_94,0.5
Larva_94,0.1875
Larva_94,0.125
Larva_94,0.25
Larva_94,0.125
Larva_94,0.375
Larva_94,0.125
Larva_94,0.3125
Larva_94,0.125
Larva_94,0.375
Larva_95,0.125
Larva_95,0.1875
Larva_95,0.1875
Larva_95,0.5625
Larva_95,0.3125
Larva_95,0.3125
Larva_95,1.125
Larva_95,0.1875
Larva_95,0.75
Larva_95,0.25
Larva_95,0.5
Larva_95,0.6875
Larva_95,0.125
Larva_95,0.25
Larva_96,0.1875
Larva_96,0.3125
Larva_96,0.625
Larva_96,0.25
Larva_96,0.125
Larva_96,0.25
Larva_96,0.125
Larva_96,0.3125
Larva_96,0.125
Larva_96,0.1875
Larva_96,0.6875
Larva_96,0.625
Larva_96,0.125
Larva_96,0.1875
Larva_96,0.375
Larva_96,0.3125
Larva_96,0.625
Larva_96,0.125
Larva_96,0.5
Larva_96,1.25
Larva_96,1.1875
Larva_96,0.5
Larva_96,0.3125
Larva_96,0.4375
Larva_96,1.0
Larva_96,0.25
Larva_96,0.25
Larva_96,0.4375
Larva_96,0.4375
Larva_97,0.25
Larva_97,0.125
Larva_97,0.25
Larva_97,0.25
Larva_97,0.125
Larva_97,0.25
Larva_97,0.5625
Larva_97,1.6875
Larva_97,0.5625
Larva_97,0.875
Larva_98,0.5625
Larva_98,0.375
Larva_98,0.5625
Larva_98,0.125
Larva_98,0.375
Larva_98,0.125
Larva_99,0.3125
Larva_99,0.3125
Larva_99,0.125
Larva_99,0.9375
Larva_99,0.4375
Larva_99,0.125
Larva_99,0.3125
Larva_99,0.3125
Larva_99,0.25
Larva_99,0.125
Larva_99,0.3125
Larva_99,0.4375
Larva_99,0.125
Larva_99,0.5
Larva_99,0.125
Larva_99,0.125
Larva_99,0.75
Larva_99,0.3125
Larva_99,0.3125
Larva_99,1.0
Larva_99,0.375
Larva_99,0.5
Larva_99,0.125
Larva_99,0.1875
Larva_99,0.625
Larva_99,0.125
Larva_99,0.25
