AgentID,stridechain_length
Larva_1,14.0
Larva_1,1.0
Larva_1,25.0
Larva_1,10.0
Larva_1,53.0
Larva_1,1.0
Larva_1,6.0
Larva_1,10.0
Larva_1,5.0
Larva_1,10.0
Larva_1,32.0
Larva_1,87.0
Larva_10,8.0
Larva_10,6.0
Larva_10,4.0
Larva_10,1.0
Larva_10,47.0
Larva_10,13.0
Larva_10,4.0
Larva_10,2.0
Larva_10,9.0
Larva_10,16.0
Larva_10,1.0
Larva_10,68.0
Larva_10,19.0
Larva_10,2.0
Larva_10,10.0
Larva_10,15.0
Larva_10,10.0
Larva_100,6.0
Larva_100,7.0
Larva_100,15.0
Larva_100,5.0
Larva_100,28.0
Larva_100,14.0
Larva_100,17.0
Larva_100,3.0
Larva_100,12.0
Larva_100,9.0
Larva_100,30.0
Larva_100,2.0
Larva_100,2.0
Larva_100,58.0
Larva_101,14.0
Larva_101,2.0
Larva_101,11.0
Larva_101,20.0
Larva_101,19.0
Larva_101,48.0
Larva_101,44.0
Larva_101,6.0
Larva_101,42.0
Larva_101,1.0
Larva_102,3.0
Larva_102,5.0
Larva_102,3.0
Larva_102,2.0
Larva_102,4.0
Larva_102,3.0
Larva_102,8.0
Larva_102,5.0
Larva_102,3.0
Larva_102,54.0
Larva_102,2.0
Larva_102,29.0
Larva_102,1.0
Larva_102,4.0
Larva_102,4.0
Larva_102,1.0
Larva_102,17.0
Larva_102,7.0
Larva_102,6.0
Larva_102,15.0
Larva_102,3.0
Larva_102,31.0
Larva_104,39.0
Larva_104,8.0
Larva_104,9.0
Larva_104,9.0
Larva_104,29.0
Larva_104,11.0
Larva_104,137.0
Larva_104,1.0
Larva_106,10.0
Larva_106,6.0
Larva_106,11.0
Larva_106,7.0
Larva_106,2.0
Larva_106,7.0
Larva_106,1.0
Larva_106,12.0
Larva_106,8.0
Larva_106,2.0
Larva_106,3.0
Larva_106,43.0
Larva_106,1.0
Larva_106,3.0
Larva_106,17.0
Larva_106,40.0
Larva_106,5.0
Larva_106,2.0
Larva_106,1.0
Larva_106,5.0
Larva_106,15.0
Larva_106,3.0
Larva_107,4.0
Larva_107,7.0
Larva_107,25.0
Larva_107,16.0
Larva_107,63.0
Larva_107,21.0
Larva_107,12.0
Larva_107,4.0
Larva_107,2.0
Larva_107,8.0
Larva_107,4.0
Larva_107,5.0
Larva_107,1.0
Larva_107,1.0
Larva_107,1.0
Larva_107,1.0
Larva_107,2.0
Larva_107,5.0
Larva_107,7.0
Larva_107,6.0
Larva_107,4.0
Larva_107,3.0
Larva_107,24.0
Larva_107,3.0
Larva_108,39.0
Larva_108,9.0
Larva_108,11.0
Larva_108,5.0
Larva_108,2.0
Larva_108,56.0
Larva_108,23.0
Larva_108,26.0
Larva_108,13.0
Larva_108,4.0
Larva_108,29.0
Larva_109,1.0
Larva_109,16.0
Larva_109,1.0
Larva_109,56.0
Larva_109,19.0
Larva_109,1.0
Larva_109,1.0
Larva_109,6.0
Larva_109,6.0
Larva_109,1.0
Larva_109,17.0
Larva_109,1.0
Larva_109,10.0
Larva_109,1.0
Larva_109,1.0
Larva_109,10.0
Larva_109,4.0
Larva_109,2.0
Larva_109,5.0
Larva_109,18.0
Larva_109,30.0
Larva_109,1.0
Larva_109,6.0
Larva_109,11.0
Larva_110,26.0
Larva_110,5.0
Larva_110,26.0
Larva_110,4.0
Larva_110,12.0
Larva_110,6.0
Larva_110,9.0
Larva_110,26.0
Larva_110,3.0
Larva_110,4.0
Larva_110,2.0
Larva_110,1.0
Larva_110,7.0
Larva_110,7.0
Larva_110,5.0
Larva_110,2.0
Larva_110,18.0
Larva_110,1.0
Larva_110,8.0
Larva_110,2.0
Larva_110,1.0
Larva_110,55.0
Larva_111,52.0
Larva_111,32.0
Larva_111,96.0
Larva_111,34.0
Larva_111,17.0
Larva_111,8.0
Larva_111,3.0
Larva_112,2.0
Larva_112,14.0
Larva_112,1.0
Larva_112,1.0
Larva_112,32.0
Larva_112,2.0
Larva_112,7.0
Larva_112,53.0
Larva_112,1.0
Larva_112,21.0
Larva_112,10.0
Larva_112,29.0
Larva_112,6.0
Larva_112,2.0
Larva_112,22.0
Larva_112,3.0
Larva_112,3.0
Larva_112,10.0
Larva_114,4.0
Larva_114,15.0
Larva_114,5.0
Larva_114,4.0
Larva_114,11.0
Larva_114,10.0
Larva_114,14.0
Larva_114,3.0
Larva_114,4.0
Larva_114,5.0
Larva_114,7.0
Larva_114,15.0
Larva_114,5.0
Larva_114,5.0
Larva_114,5.0
Larva_114,26.0
Larva_114,7.0
Larva_114,10.0
Larva_114,2.0
Larva_114,1.0
Larva_114,12.0
Larva_114,8.0
Larva_114,4.0
Larva_114,2.0
Larva_114,3.0
Larva_114,1.0
Larva_115,9.0
Larva_115,4.0
Larva_115,3.0
Larva_115,6.0
Larva_115,3.0
Larva_115,5.0
Larva_115,40.0
Larva_115,8.0
Larva_115,7.0
Larva_115,9.0
Larva_115,1.0
Larva_115,1.0
Larva_115,15.0
Larva_115,6.0
Larva_115,2.0
Larva_115,1.0
Larva_115,3.0
Larva_115,4.0
Larva_115,1.0
Larva_115,8.0
Larva_115,9.0
Larva_115,1.0
Larva_115,1.0
Larva_115,1.0
Larva_115,10.0
Larva_115,8.0
Larva_115,4.0
Larva_115,7.0
Larva_115,2.0
Larva_115,10.0
Larva_115,2.0
Larva_115,4.0
Larva_115,1.0
Larva_116,11.0
Larva_116,4.0
Larva_116,2.0
Larva_116,6.0
Larva_116,4.0
Larva_116,5.0
Larva_116,12.0
Larva_116,11.0
Larva_116,6.0
Larva_116,3.0
Larva_116,3.0
Larva_116,3.0
Larva_116,9.0
Larva_116,3.0
Larva_116,4.0
Larva_116,11.0
Larva_116,2.0
Larva_116,34.0
Larva_116,5.0
Larva_116,3.0
Larva_116,1.0
Larva_116,2.0
Larva_116,1.0
Larva_116,3.0
Larva_116,11.0
Larva_116,2.0
Larva_116,3.0
Larva_116,1.0
Larva_116,4.0
Larva_116,2.0
Larva_116,6.0
Larva_116,6.0
Larva_117,1.0
Larva_117,9.0
Larva_117,3.0
Larva_117,2.0
Larva_117,2.0
Larva_117,9.0
Larva_117,41.0
Larva_117,2.0
Larva_117,23.0
Larva_117,10.0
Larva_117,6.0
Larva_117,3.0
Larva_117,1.0
Larva_117,5.0
Larva_117,16.0
Larva_117,1.0
Larva_117,2.0
Larva_117,1.0
Larva_117,6.0
Larva_117,1.0
Larva_117,16.0
Larva_117,13.0
Larva_117,30.0
Larva_118,7.0
Larva_118,30.0
Larva_118,5.0
Larva_118,1.0
Larva_118,4.0
Larva_118,39.0
Larva_118,30.0
Larva_118,10.0
Larva_118,14.0
Larva_118,10.0
Larva_118,4.0
Larva_118,7.0
Larva_118,4.0
Larva_118,25.0
Larva_118,9.0
Larva_119,2.0
Larva_119,1.0
Larva_119,7.0
Larva_119,2.0
Larva_119,1.0
Larva_119,5.0
Larva_119,32.0
Larva_119,10.0
Larva_119,6.0
Larva_119,3.0
Larva_119,10.0
Larva_119,4.0
Larva_119,4.0
Larva_119,2.0
Larva_119,22.0
Larva_119,1.0
Larva_119,23.0
Larva_119,2.0
Larva_119,10.0
Larva_119,1.0
Larva_119,52.0
Larva_119,17.0
Larva_120,16.0
Larva_120,17.0
Larva_120,38.0
Larva_120,4.0
Larva_120,3.0
Larva_120,28.0
Larva_120,2.0
Larva_120,24.0
Larva_120,1.0
Larva_120,5.0
Larva_120,14.0
Larva_120,1.0
Larva_120,1.0
Larva_120,19.0
Larva_120,33.0
Larva_121,4.0
Larva_121,10.0
Larva_121,12.0
Larva_121,4.0
Larva_121,2.0
Larva_121,2.0
Larva_121,54.0
Larva_121,2.0
Larva_121,2.0
Larva_121,2.0
Larva_121,1.0
Larva_121,1.0
Larva_121,1.0
Larva_121,5.0
Larva_121,1.0
Larva_121,1.0
Larva_121,7.0
Larva_121,4.0
Larva_121,2.0
Larva_121,3.0
Larva_121,3.0
Larva_121,4.0
Larva_121,1.0
Larva_121,4.0
Larva_121,3.0
Larva_121,1.0
Larva_121,7.0
Larva_121,1.0
Larva_121,1.0
Larva_121,7.0
Larva_121,1.0
Larva_121,2.0
Larva_121,2.0
Larva_121,8.0
Larva_122,6.0
Larva_122,29.0
Larva_122,5.0
Larva_122,44.0
Larva_122,21.0
Larva_122,17.0
Larva_122,2.0
Larva_122,27.0
Larva_122,23.0
Larva_122,25.0
Larva_122,6.0
Larva_122,20.0
Larva_125,7.0
Larva_125,24.0
Larva_125,30.0
Larva_125,18.0
Larva_125,5.0
Larva_125,7.0
Larva_125,1.0
Larva_125,1.0
Larva_125,94.0
Larva_125,30.0
Larva_125,9.0
Larva_127,3.0
Larva_127,2.0
Larva_127,6.0
Larva_127,8.0
Larva_127,3.0
Larva_127,2.0
Larva_127,2.0
Larva_127,4.0
Larva_127,1.0
Larva_127,1.0
Larva_127,2.0
Larva_127,4.0
Larva_127,4.0
Larva_127,3.0
Larva_127,15.0
Larva_127,6.0
Larva_127,4.0
Larva_127,4.0
Larva_127,5.0
Larva_127,5.0
Larva_127,2.0
Larva_127,2.0
Larva_127,13.0
Larva_127,1.0
Larva_127,4.0
Larva_127,2.0
Larva_127,3.0
Larva_127,1.0
Larva_127,3.0
Larva_127,16.0
Larva_127,2.0
Larva_127,2.0
Larva_127,1.0
Larva_127,5.0
Larva_127,15.0
Larva_127,2.0
Larva_127,3.0
Larva_127,7.0
Larva_128,16.0
Larva_128,3.0
Larva_128,8.0
Larva_128,1.0
Larva_128,69.0
Larva_128,4.0
Larva_128,2.0
Larva_128,5.0
Larva_128,4.0
Larva_128,5.0
Larva_128,1.0
Larva_128,3.0
Larva_128,2.0
Larva_128,3.0
Larva_128,9.0
Larva_128,9.0
Larva_128,15.0
Larva_128,6.0
Larva_128,7.0
Larva_128,3.0
Larva_128,2.0
Larva_128,2.0
Larva_128,11.0
Larva_128,4.0
Larva_128,5.0
Larva_128,3.0
Larva_128,5.0
Larva_128,2.0
Larva_129,2.0
Larva_129,7.0
Larva_129,3.0
Larva_129,1.0
Larva_129,7.0
Larva_129,15.0
Larva_129,16.0
Larva_129,3.0
Larva_129,5.0
Larva_129,4.0
Larva_129,8.0
Larva_129,5.0
Larva_129,4.0
Larva_129,15.0
Larva_129,9.0
Larva_129,2.0
Larva_129,5.0
Larva_129,1.0
Larva_129,9.0
Larva_129,6.0
Larva_129,7.0
Larva_129,1.0
Larva_129,8.0
Larva_129,3.0
Larva_129,1.0
Larva_129,7.0
Larva_129,2.0
Larva_129,1.0
Larva_129,1.0
Larva_129,4.0
Larva_129,14.0
Larva_129,7.0
Larva_129,1.0
Larva_129,2.0
Larva_129,3.0
Larva_129,10.0
Larva_129,3.0
Larva_129,3.0
Larva_13,53.0
Larva_13,6.0
Larva_13,8.0
Larva_13,39.0
Larva_13,4.0
Larva_13,53.0
Larva_13,20.0
Larva_13,10.0
Larva_13,13.0
Larva_13,1.0
Larva_13,2.0
Larva_13,6.0
Larva_13,2.0
Larva_13,19.0
Larva_130,1.0
Larva_130,2.0
Larva_130,2.0
Larva_130,7.0
Larva_130,7.0
Larva_130,1.0
Larva_130,6.0
Larva_130,2.0
Larva_130,6.0
Larva_130,4.0
Larva_130,3.0
Larva_130,5.0
Larva_130,64.0
Larva_130,5.0
Larva_130,3.0
Larva_130,3.0
Larva_130,1.0
Larva_130,6.0
Larva_130,15.0
Larva_130,1.0
Larva_130,5.0
Larva_130,4.0
Larva_130,2.0
Larva_130,7.0
Larva_130,1.0
Larva_130,2.0
Larva_130,7.0
Larva_130,19.0
Larva_130,25.0
Larva_132,4.0
Larva_132,2.0
Larva_132,6.0
Larva_132,2.0
Larva_132,9.0
Larva_132,13.0
Larva_132,7.0
Larva_132,9.0
Larva_132,18.0
Larva_132,1.0
Larva_132,7.0
Larva_132,4.0
Larva_132,2.0
Larva_132,5.0
Larva_132,3.0
Larva_132,8.0
Larva_132,3.0
Larva_132,4.0
Larva_132,4.0
Larva_132,17.0
Larva_132,2.0
Larva_132,8.0
Larva_132,1.0
Larva_132,32.0
Larva_132,5.0
Larva_132,2.0
Larva_133,6.0
Larva_133,1.0
Larva_133,56.0
Larva_133,12.0
Larva_133,8.0
Larva_133,6.0
Larva_133,12.0
Larva_133,4.0
Larva_133,4.0
Larva_133,1.0
Larva_133,1.0
Larva_133,3.0
Larva_133,1.0
Larva_133,2.0
Larva_133,16.0
Larva_133,1.0
Larva_133,3.0
Larva_133,19.0
Larva_133,10.0
Larva_133,1.0
Larva_133,3.0
Larva_133,6.0
Larva_133,53.0
Larva_134,2.0
Larva_134,2.0
Larva_134,1.0
Larva_134,6.0
Larva_134,13.0
Larva_134,9.0
Larva_134,2.0
Larva_134,2.0
Larva_134,6.0
Larva_134,3.0
Larva_134,5.0
Larva_134,4.0
Larva_134,2.0
Larva_134,1.0
Larva_134,6.0
Larva_134,8.0
Larva_134,2.0
Larva_134,5.0
Larva_134,1.0
Larva_134,5.0
Larva_134,8.0
Larva_134,1.0
Larva_134,14.0
Larva_134,18.0
Larva_134,18.0
Larva_134,1.0
Larva_134,4.0
Larva_134,1.0
Larva_134,2.0
Larva_134,2.0
Larva_134,2.0
Larva_134,2.0
Larva_134,2.0
Larva_134,9.0
Larva_134,12.0
Larva_134,1.0
Larva_134,13.0
Larva_134,5.0
Larva_134,3.0
Larva_135,1.0
Larva_135,1.0
Larva_135,19.0
Larva_135,1.0
Larva_135,1.0
Larva_135,1.0
Larva_135,2.0
Larva_135,5.0
Larva_135,1.0
Larva_135,4.0
Larva_135,27.0
Larva_135,5.0
Larva_135,33.0
Larva_135,17.0
Larva_135,3.0
Larva_135,6.0
Larva_135,2.0
Larva_135,4.0
Larva_135,26.0
Larva_135,8.0
Larva_135,25.0
Larva_138,1.0
Larva_138,2.0
Larva_138,1.0
Larva_138,1.0
Larva_138,1.0
Larva_138,1.0
Larva_138,4.0
Larva_138,1.0
Larva_138,1.0
Larva_138,1.0
Larva_138,1.0
Larva_138,1.0
Larva_138,1.0
Larva_138,3.0
Larva_138,3.0
Larva_138,1.0
Larva_138,1.0
Larva_138,1.0
Larva_138,1.0
Larva_138,1.0
Larva_138,1.0
Larva_138,1.0
Larva_138,5.0
Larva_138,2.0
Larva_138,1.0
Larva_138,1.0
Larva_138,1.0
Larva_138,1.0
Larva_138,1.0
Larva_138,4.0
Larva_138,1.0
Larva_138,2.0
Larva_138,1.0
Larva_138,2.0
Larva_138,1.0
Larva_138,1.0
Larva_138,1.0
Larva_138,1.0
Larva_138,2.0
Larva_138,3.0
Larva_138,1.0
Larva_138,1.0
Larva_138,4.0
Larva_138,1.0
Larva_138,1.0
Larva_138,1.0
Larva_138,1.0
Larva_138,1.0
Larva_138,1.0
Larva_138,3.0
Larva_138,1.0
Larva_138,1.0
Larva_138,2.0
Larva_138,2.0
Larva_138,2.0
Larva_138,1.0
Larva_138,3.0
Larva_138,1.0
Larva_138,1.0
Larva_138,2.0
Larva_138,1.0
Larva_138,2.0
Larva_138,1.0
Larva_138,1.0
Larva_138,1.0
Larva_138,2.0
Larva_138,3.0
Larva_138,3.0
Larva_138,4.0
Larva_139,2.0
Larva_139,1.0
Larva_139,4.0
Larva_139,4.0
Larva_139,1.0
Larva_139,31.0
Larva_139,18.0
Larva_139,7.0
Larva_139,1.0
Larva_139,4.0
Larva_139,2.0
Larva_139,2.0
Larva_139,1.0
Larva_139,6.0
Larva_139,2.0
Larva_139,1.0
Larva_139,1.0
Larva_139,4.0
Larva_139,6.0
Larva_139,16.0
Larva_139,51.0
Larva_139,1.0
Larva_139,3.0
Larva_139,5.0
Larva_139,6.0
Larva_139,3.0
Larva_139,1.0
Larva_139,2.0
Larva_139,3.0
Larva_139,2.0
Larva_139,3.0
Larva_139,8.0
Larva_139,1.0
Larva_139,5.0
Larva_139,3.0
Larva_139,1.0
Larva_139,1.0
Larva_139,3.0
Larva_139,1.0
Larva_139,1.0
Larva_14,8.0
Larva_14,44.0
Larva_14,2.0
Larva_14,3.0
Larva_14,3.0
Larva_14,4.0
Larva_14,5.0
Larva_14,10.0
Larva_14,3.0
Larva_14,18.0
Larva_14,14.0
Larva_14,14.0
Larva_14,17.0
Larva_14,1.0
Larva_14,1.0
Larva_14,1.0
Larva_14,4.0
Larva_14,5.0
Larva_14,12.0
Larva_14,11.0
Larva_14,9.0
Larva_141,2.0
Larva_141,49.0
Larva_141,8.0
Larva_141,16.0
Larva_141,1.0
Larva_141,8.0
Larva_141,2.0
Larva_141,10.0
Larva_141,18.0
Larva_141,1.0
Larva_141,8.0
Larva_141,4.0
Larva_141,14.0
Larva_141,28.0
Larva_141,7.0
Larva_141,3.0
Larva_141,2.0
Larva_141,3.0
Larva_141,10.0
Larva_141,2.0
Larva_142,1.0
Larva_142,1.0
Larva_142,3.0
Larva_142,2.0
Larva_142,1.0
Larva_142,1.0
Larva_142,2.0
Larva_142,13.0
Larva_142,4.0
Larva_142,4.0
Larva_142,1.0
Larva_142,4.0
Larva_142,2.0
Larva_142,4.0
Larva_142,9.0
Larva_142,1.0
Larva_142,3.0
Larva_142,1.0
Larva_142,5.0
Larva_142,1.0
Larva_142,31.0
Larva_142,8.0
Larva_142,1.0
Larva_142,8.0
Larva_142,2.0
Larva_142,1.0
Larva_142,10.0
Larva_142,2.0
Larva_142,1.0
Larva_142,1.0
Larva_142,5.0
Larva_142,1.0
Larva_142,14.0
Larva_142,11.0
Larva_142,11.0
Larva_142,3.0
Larva_143,1.0
Larva_143,4.0
Larva_143,3.0
Larva_143,1.0
Larva_143,3.0
Larva_143,1.0
Larva_143,6.0
Larva_143,5.0
Larva_143,1.0
Larva_143,5.0
Larva_143,1.0
Larva_143,4.0
Larva_143,2.0
Larva_143,3.0
Larva_143,1.0
Larva_143,1.0
Larva_143,4.0
Larva_143,1.0
Larva_143,1.0
Larva_143,3.0
Larva_143,1.0
Larva_143,1.0
Larva_143,1.0
Larva_143,1.0
Larva_143,2.0
Larva_143,4.0
Larva_143,1.0
Larva_143,7.0
Larva_143,1.0
Larva_143,1.0
Larva_143,2.0
Larva_143,6.0
Larva_143,2.0
Larva_143,1.0
Larva_143,6.0
Larva_143,2.0
Larva_143,7.0
Larva_143,1.0
Larva_143,1.0
Larva_143,2.0
Larva_143,6.0
Larva_143,1.0
Larva_143,1.0
Larva_143,1.0
Larva_143,3.0
Larva_143,2.0
Larva_143,5.0
Larva_143,2.0
Larva_143,5.0
Larva_143,1.0
Larva_143,2.0
Larva_143,1.0
Larva_143,1.0
Larva_143,5.0
Larva_143,5.0
Larva_143,2.0
Larva_143,2.0
Larva_143,2.0
Larva_143,1.0
Larva_143,1.0
Larva_143,1.0
Larva_144,1.0
Larva_144,9.0
Larva_144,4.0
Larva_144,5.0
Larva_144,2.0
Larva_144,1.0
Larva_144,17.0
Larva_144,1.0
Larva_144,9.0
Larva_144,2.0
Larva_144,2.0
Larva_144,2.0
Larva_144,2.0
Larva_144,3.0
Larva_144,3.0
Larva_144,3.0
Larva_144,4.0
Larva_144,1.0
Larva_144,1.0
Larva_144,3.0
Larva_144,1.0
Larva_144,3.0
Larva_144,1.0
Larva_144,1.0
Larva_144,2.0
Larva_144,1.0
Larva_144,4.0
Larva_144,16.0
Larva_144,1.0
Larva_144,7.0
Larva_144,6.0
Larva_144,5.0
Larva_144,1.0
Larva_144,9.0
Larva_144,9.0
Larva_144,8.0
Larva_144,3.0
Larva_144,3.0
Larva_144,1.0
Larva_144,3.0
Larva_144,1.0
Larva_144,5.0
Larva_144,1.0
Larva_144,1.0
Larva_144,1.0
Larva_144,3.0
Larva_144,2.0
Larva_146,4.0
Larva_146,21.0
Larva_146,10.0
Larva_146,96.0
Larva_146,77.0
Larva_146,8.0
Larva_146,12.0
Larva_146,1.0
Larva_146,7.0
Larva_146,2.0
Larva_147,27.0
Larva_147,6.0
Larva_147,18.0
Larva_147,21.0
Larva_147,28.0
Larva_147,6.0
Larva_147,27.0
Larva_147,84.0
Larva_147,1.0
Larva_149,5.0
Larva_149,3.0
Larva_149,3.0
Larva_149,6.0
Larva_149,17.0
Larva_149,2.0
Larva_149,2.0
Larva_149,7.0
Larva_149,8.0
Larva_149,3.0
Larva_149,1.0
Larva_149,25.0
Larva_149,2.0
Larva_149,1.0
Larva_149,4.0
Larva_149,1.0
Larva_149,1.0
Larva_149,10.0
Larva_149,1.0
Larva_149,4.0
Larva_149,6.0
Larva_149,5.0
Larva_149,3.0
Larva_149,8.0
Larva_149,44.0
Larva_149,11.0
Larva_149,5.0
Larva_149,1.0
Larva_149,24.0
Larva_149,1.0
Larva_149,9.0
Larva_151,28.0
Larva_151,32.0
Larva_151,2.0
Larva_151,2.0
Larva_151,6.0
Larva_151,26.0
Larva_151,1.0
Larva_151,11.0
Larva_151,6.0
Larva_151,6.0
Larva_151,2.0
Larva_151,24.0
Larva_151,4.0
Larva_151,3.0
Larva_151,6.0
Larva_151,6.0
Larva_151,1.0
Larva_151,6.0
Larva_151,3.0
Larva_151,2.0
Larva_151,7.0
Larva_151,2.0
Larva_151,1.0
Larva_151,22.0
Larva_152,3.0
Larva_152,30.0
Larva_152,1.0
Larva_152,1.0
Larva_152,13.0
Larva_152,7.0
Larva_152,5.0
Larva_152,4.0
Larva_152,17.0
Larva_152,2.0
Larva_152,3.0
Larva_152,6.0
Larva_152,7.0
Larva_152,8.0
Larva_152,1.0
Larva_152,5.0
Larva_152,7.0
Larva_152,6.0
Larva_152,8.0
Larva_152,26.0
Larva_152,1.0
Larva_152,1.0
Larva_152,1.0
Larva_152,20.0
Larva_152,6.0
Larva_152,1.0
Larva_154,1.0
Larva_154,8.0
Larva_154,2.0
Larva_154,2.0
Larva_154,2.0
Larva_154,3.0
Larva_154,1.0
Larva_154,8.0
Larva_154,12.0
Larva_154,5.0
Larva_154,2.0
Larva_154,1.0
Larva_154,4.0
Larva_154,4.0
Larva_154,22.0
Larva_154,1.0
Larva_154,2.0
Larva_154,14.0
Larva_154,1.0
Larva_154,1.0
Larva_154,1.0
Larva_154,1.0
Larva_154,4.0
Larva_154,2.0
Larva_154,8.0
Larva_154,2.0
Larva_154,2.0
Larva_154,1.0
Larva_154,9.0
Larva_154,12.0
Larva_154,1.0
Larva_154,10.0
Larva_154,11.0
Larva_154,5.0
Larva_154,9.0
Larva_154,1.0
Larva_154,1.0
Larva_156,4.0
Larva_156,28.0
Larva_156,10.0
Larva_156,12.0
Larva_156,3.0
Larva_156,6.0
Larva_156,2.0
Larva_156,18.0
Larva_156,9.0
Larva_156,1.0
Larva_156,65.0
Larva_156,10.0
Larva_156,5.0
Larva_156,19.0
Larva_156,5.0
Larva_156,7.0
Larva_156,9.0
Larva_156,6.0
Larva_156,4.0
Larva_157,2.0
Larva_157,12.0
Larva_157,2.0
Larva_157,8.0
Larva_157,2.0
Larva_157,5.0
Larva_157,1.0
Larva_157,8.0
Larva_157,18.0
Larva_157,1.0
Larva_157,2.0
Larva_157,1.0
Larva_157,4.0
Larva_157,3.0
Larva_157,1.0
Larva_157,7.0
Larva_157,6.0
Larva_157,2.0
Larva_157,2.0
Larva_157,6.0
Larva_157,20.0
Larva_157,6.0
Larva_157,4.0
Larva_157,1.0
Larva_157,1.0
Larva_157,16.0
Larva_157,6.0
Larva_157,6.0
Larva_157,2.0
Larva_157,3.0
Larva_157,6.0
Larva_157,7.0
Larva_157,1.0
Larva_157,1.0
Larva_157,2.0
Larva_157,1.0
Larva_157,1.0
Larva_157,1.0
Larva_157,9.0
Larva_159,1.0
Larva_159,2.0
Larva_159,3.0
Larva_159,10.0
Larva_159,21.0
Larva_159,11.0
Larva_159,24.0
Larva_159,1.0
Larva_159,13.0
Larva_159,5.0
Larva_159,3.0
Larva_159,4.0
Larva_159,10.0
Larva_159,13.0
Larva_159,1.0
Larva_159,3.0
Larva_159,7.0
Larva_159,21.0
Larva_159,5.0
Larva_159,6.0
Larva_159,5.0
Larva_159,2.0
Larva_159,2.0
Larva_159,7.0
Larva_159,6.0
Larva_159,5.0
Larva_159,1.0
Larva_159,8.0
Larva_16,2.0
Larva_16,1.0
Larva_16,1.0
Larva_16,1.0
Larva_16,3.0
Larva_16,4.0
Larva_16,2.0
Larva_16,2.0
Larva_16,10.0
Larva_16,9.0
Larva_16,3.0
Larva_16,1.0
Larva_16,1.0
Larva_16,11.0
Larva_16,3.0
Larva_16,3.0
Larva_16,9.0
Larva_16,3.0
Larva_16,2.0
Larva_16,1.0
Larva_16,2.0
Larva_16,6.0
Larva_16,3.0
Larva_16,8.0
Larva_16,1.0
Larva_16,10.0
Larva_16,5.0
Larva_16,2.0
Larva_16,4.0
Larva_16,3.0
Larva_16,2.0
Larva_16,1.0
Larva_16,2.0
Larva_16,1.0
Larva_16,2.0
Larva_16,1.0
Larva_16,1.0
Larva_16,1.0
Larva_16,2.0
Larva_16,1.0
Larva_16,1.0
Larva_16,4.0
Larva_16,2.0
Larva_16,2.0
Larva_16,3.0
Larva_16,1.0
Larva_160,1.0
Larva_160,2.0
Larva_160,6.0
Larva_160,1.0
Larva_160,1.0
Larva_160,7.0
Larva_160,1.0
Larva_160,1.0
Larva_160,2.0
Larva_160,18.0
Larva_160,1.0
Larva_160,2.0
Larva_160,1.0
Larva_160,1.0
Larva_160,11.0
Larva_160,6.0
Larva_160,6.0
Larva_160,1.0
Larva_160,2.0
Larva_160,9.0
Larva_160,1.0
Larva_160,1.0
Larva_160,1.0
Larva_160,3.0
Larva_160,1.0
Larva_160,1.0
Larva_160,1.0
Larva_160,13.0
Larva_160,9.0
Larva_160,37.0
Larva_160,1.0
Larva_160,1.0
Larva_160,1.0
Larva_160,4.0
Larva_160,1.0
Larva_160,1.0
Larva_160,17.0
Larva_160,1.0
Larva_160,3.0
Larva_161,18.0
Larva_161,9.0
Larva_161,4.0
Larva_161,2.0
Larva_161,2.0
Larva_161,3.0
Larva_161,4.0
Larva_161,13.0
Larva_161,2.0
Larva_161,2.0
Larva_161,5.0
Larva_161,15.0
Larva_161,1.0
Larva_161,18.0
Larva_161,4.0
Larva_161,2.0
Larva_161,3.0
Larva_161,1.0
Larva_161,11.0
Larva_161,1.0
Larva_161,6.0
Larva_161,9.0
Larva_161,3.0
Larva_161,23.0
Larva_162,1.0
Larva_162,13.0
Larva_162,1.0
Larva_162,6.0
Larva_162,12.0
Larva_162,10.0
Larva_162,34.0
Larva_162,12.0
Larva_162,6.0
Larva_162,5.0
Larva_162,4.0
Larva_162,75.0
Larva_162,8.0
Larva_162,10.0
Larva_162,53.0
Larva_163,7.0
Larva_163,10.0
Larva_163,4.0
Larva_163,36.0
Larva_163,1.0
Larva_163,27.0
Larva_163,24.0
Larva_163,9.0
Larva_163,17.0
Larva_163,11.0
Larva_163,5.0
Larva_163,20.0
Larva_163,1.0
Larva_163,7.0
Larva_163,8.0
Larva_163,4.0
Larva_163,10.0
Larva_163,12.0
Larva_163,11.0
Larva_163,18.0
Larva_163,6.0
Larva_163,1.0
Larva_164,2.0
Larva_164,5.0
Larva_164,1.0
Larva_164,3.0
Larva_164,8.0
Larva_164,2.0
Larva_164,2.0
Larva_164,1.0
Larva_164,2.0
Larva_164,1.0
Larva_164,2.0
Larva_164,5.0
Larva_164,7.0
Larva_164,4.0
Larva_164,9.0
Larva_164,5.0
Larva_164,8.0
Larva_164,4.0
Larva_164,2.0
Larva_164,1.0
Larva_164,2.0
Larva_164,2.0
Larva_164,2.0
Larva_164,2.0
Larva_164,3.0
Larva_164,4.0
Larva_164,1.0
Larva_164,1.0
Larva_164,2.0
Larva_164,7.0
Larva_164,1.0
Larva_164,1.0
Larva_164,3.0
Larva_164,2.0
Larva_164,9.0
Larva_164,12.0
Larva_164,2.0
Larva_166,3.0
Larva_166,25.0
Larva_166,43.0
Larva_166,16.0
Larva_166,2.0
Larva_166,1.0
Larva_166,32.0
Larva_166,7.0
Larva_166,2.0
Larva_166,7.0
Larva_166,18.0
Larva_166,4.0
Larva_166,13.0
Larva_166,21.0
Larva_166,11.0
Larva_167,3.0
Larva_167,60.0
Larva_167,1.0
Larva_167,19.0
Larva_167,2.0
Larva_167,4.0
Larva_167,3.0
Larva_167,71.0
Larva_167,12.0
Larva_167,5.0
Larva_167,38.0
Larva_168,6.0
Larva_168,1.0
Larva_168,19.0
Larva_168,4.0
Larva_168,9.0
Larva_168,4.0
Larva_168,13.0
Larva_168,6.0
Larva_168,19.0
Larva_168,8.0
Larva_168,2.0
Larva_168,4.0
Larva_168,8.0
Larva_168,1.0
Larva_168,17.0
Larva_168,3.0
Larva_168,46.0
Larva_168,4.0
Larva_168,16.0
Larva_168,11.0
Larva_168,9.0
Larva_168,2.0
Larva_170,43.0
Larva_170,22.0
Larva_170,6.0
Larva_170,48.0
Larva_170,21.0
Larva_170,45.0
Larva_170,2.0
Larva_171,2.0
Larva_171,2.0
Larva_171,1.0
Larva_171,1.0
Larva_171,22.0
Larva_171,10.0
Larva_171,4.0
Larva_171,11.0
Larva_171,1.0
Larva_171,6.0
Larva_171,2.0
Larva_171,14.0
Larva_171,12.0
Larva_171,1.0
Larva_171,1.0
Larva_171,4.0
Larva_171,2.0
Larva_171,3.0
Larva_171,25.0
Larva_171,2.0
Larva_171,2.0
Larva_171,3.0
Larva_171,62.0
Larva_172,49.0
Larva_172,32.0
Larva_172,10.0
Larva_172,16.0
Larva_172,23.0
Larva_172,6.0
Larva_172,33.0
Larva_172,3.0
Larva_172,1.0
Larva_172,27.0
Larva_172,3.0
Larva_172,11.0
Larva_172,6.0
Larva_172,2.0
Larva_173,7.0
Larva_173,6.0
Larva_173,1.0
Larva_173,22.0
Larva_173,2.0
Larva_173,17.0
Larva_173,3.0
Larva_173,1.0
Larva_173,1.0
Larva_173,1.0
Larva_173,15.0
Larva_173,1.0
Larva_173,3.0
Larva_173,7.0
Larva_173,2.0
Larva_173,12.0
Larva_173,2.0
Larva_173,1.0
Larva_173,2.0
Larva_173,1.0
Larva_173,10.0
Larva_173,47.0
Larva_173,9.0
Larva_173,4.0
Larva_173,1.0
Larva_173,3.0
Larva_173,1.0
Larva_174,2.0
Larva_174,16.0
Larva_174,125.0
Larva_174,23.0
Larva_174,9.0
Larva_174,4.0
Larva_174,6.0
Larva_174,5.0
Larva_174,37.0
Larva_174,1.0
Larva_175,44.0
Larva_175,13.0
Larva_175,4.0
Larva_175,15.0
Larva_175,6.0
Larva_175,38.0
Larva_175,13.0
Larva_175,7.0
Larva_175,32.0
Larva_175,81.0
Larva_177,1.0
Larva_177,55.0
Larva_177,57.0
Larva_177,8.0
Larva_177,5.0
Larva_177,16.0
Larva_177,55.0
Larva_177,12.0
Larva_177,4.0
Larva_177,6.0
Larva_177,7.0
Larva_178,5.0
Larva_178,4.0
Larva_178,7.0
Larva_178,1.0
Larva_178,5.0
Larva_178,1.0
Larva_178,2.0
Larva_178,13.0
Larva_178,1.0
Larva_178,1.0
Larva_178,3.0
Larva_178,6.0
Larva_178,3.0
Larva_178,4.0
Larva_178,2.0
Larva_178,8.0
Larva_178,3.0
Larva_178,1.0
Larva_178,1.0
Larva_178,1.0
Larva_178,10.0
Larva_178,16.0
Larva_178,40.0
Larva_178,4.0
Larva_178,1.0
Larva_178,5.0
Larva_178,10.0
Larva_178,1.0
Larva_178,6.0
Larva_178,2.0
Larva_178,2.0
Larva_178,2.0
Larva_178,2.0
Larva_178,4.0
Larva_178,4.0
Larva_178,4.0
Larva_178,1.0
Larva_179,8.0
Larva_179,5.0
Larva_179,1.0
Larva_179,10.0
Larva_179,2.0
Larva_179,11.0
Larva_179,4.0
Larva_179,45.0
Larva_179,5.0
Larva_179,2.0
Larva_179,1.0
Larva_179,19.0
Larva_179,13.0
Larva_179,2.0
Larva_179,3.0
Larva_179,2.0
Larva_179,7.0
Larva_179,4.0
Larva_179,8.0
Larva_179,2.0
Larva_179,6.0
Larva_179,14.0
Larva_179,3.0
Larva_179,4.0
Larva_179,4.0
Larva_179,2.0
Larva_18,1.0
Larva_18,1.0
Larva_18,1.0
Larva_18,1.0
Larva_18,3.0
Larva_18,3.0
Larva_18,3.0
Larva_18,4.0
Larva_18,2.0
Larva_18,1.0
Larva_18,1.0
Larva_18,1.0
Larva_18,1.0
Larva_18,2.0
Larva_18,1.0
Larva_18,1.0
Larva_18,3.0
Larva_18,1.0
Larva_18,3.0
Larva_18,10.0
Larva_18,16.0
Larva_18,1.0
Larva_18,1.0
Larva_18,1.0
Larva_18,1.0
Larva_18,4.0
Larva_18,5.0
Larva_18,1.0
Larva_18,18.0
Larva_18,1.0
Larva_18,2.0
Larva_18,3.0
Larva_18,1.0
Larva_18,1.0
Larva_18,1.0
Larva_18,4.0
Larva_18,1.0
Larva_18,1.0
Larva_18,3.0
Larva_18,3.0
Larva_18,1.0
Larva_18,2.0
Larva_18,1.0
Larva_18,4.0
Larva_18,2.0
Larva_18,4.0
Larva_18,1.0
Larva_18,3.0
Larva_18,1.0
Larva_180,1.0
Larva_180,4.0
Larva_180,14.0
Larva_180,6.0
Larva_180,3.0
Larva_180,2.0
Larva_180,5.0
Larva_180,30.0
Larva_180,2.0
Larva_180,24.0
Larva_180,8.0
Larva_180,8.0
Larva_180,13.0
Larva_180,25.0
Larva_180,12.0
Larva_180,6.0
Larva_180,1.0
Larva_180,1.0
Larva_180,7.0
Larva_180,3.0
Larva_180,10.0
Larva_180,1.0
Larva_180,2.0
Larva_181,2.0
Larva_181,2.0
Larva_181,11.0
Larva_181,35.0
Larva_181,11.0
Larva_181,6.0
Larva_181,14.0
Larva_181,1.0
Larva_181,2.0
Larva_181,19.0
Larva_181,1.0
Larva_181,11.0
Larva_181,7.0
Larva_181,4.0
Larva_181,9.0
Larva_181,2.0
Larva_181,1.0
Larva_181,4.0
Larva_181,5.0
Larva_181,7.0
Larva_181,4.0
Larva_181,3.0
Larva_181,8.0
Larva_181,1.0
Larva_181,2.0
Larva_181,18.0
Larva_181,2.0
Larva_181,2.0
Larva_181,7.0
Larva_181,1.0
Larva_182,4.0
Larva_182,20.0
Larva_182,20.0
Larva_182,6.0
Larva_182,4.0
Larva_182,8.0
Larva_182,32.0
Larva_182,31.0
Larva_182,11.0
Larva_182,66.0
Larva_182,5.0
Larva_182,7.0
Larva_182,9.0
Larva_182,17.0
Larva_183,25.0
Larva_183,42.0
Larva_183,9.0
Larva_183,3.0
Larva_183,28.0
Larva_183,6.0
Larva_183,3.0
Larva_183,5.0
Larva_183,11.0
Larva_183,46.0
Larva_183,15.0
Larva_183,25.0
Larva_184,5.0
Larva_184,2.0
Larva_184,7.0
Larva_184,13.0
Larva_184,2.0
Larva_184,1.0
Larva_184,9.0
Larva_184,1.0
Larva_184,5.0
Larva_184,7.0
Larva_184,9.0
Larva_184,2.0
Larva_184,4.0
Larva_184,10.0
Larva_184,4.0
Larva_184,2.0
Larva_184,11.0
Larva_184,1.0
Larva_184,2.0
Larva_184,8.0
Larva_184,5.0
Larva_184,2.0
Larva_184,1.0
Larva_184,1.0
Larva_184,2.0
Larva_184,3.0
Larva_184,4.0
Larva_184,8.0
Larva_184,2.0
Larva_184,5.0
Larva_184,2.0
Larva_184,1.0
Larva_184,1.0
Larva_184,15.0
Larva_184,1.0
Larva_184,2.0
Larva_184,4.0
Larva_184,2.0
Larva_184,3.0
Larva_184,5.0
Larva_184,2.0
Larva_185,2.0
Larva_185,3.0
Larva_185,2.0
Larva_185,4.0
Larva_185,9.0
Larva_185,1.0
Larva_185,1.0
Larva_185,4.0
Larva_185,5.0
Larva_185,2.0
Larva_185,5.0
Larva_185,28.0
Larva_185,44.0
Larva_185,3.0
Larva_185,3.0
Larva_185,11.0
Larva_185,2.0
Larva_185,11.0
Larva_185,8.0
Larva_185,3.0
Larva_185,3.0
Larva_185,4.0
Larva_185,13.0
Larva_185,4.0
Larva_185,8.0
Larva_186,1.0
Larva_186,4.0
Larva_186,21.0
Larva_186,4.0
Larva_186,4.0
Larva_186,1.0
Larva_186,17.0
Larva_186,4.0
Larva_186,39.0
Larva_186,6.0
Larva_186,1.0
Larva_186,9.0
Larva_186,16.0
Larva_186,1.0
Larva_186,2.0
Larva_186,15.0
Larva_186,1.0
Larva_186,2.0
Larva_186,3.0
Larva_186,14.0
Larva_186,27.0
Larva_186,6.0
Larva_186,4.0
Larva_186,1.0
Larva_187,49.0
Larva_187,129.0
Larva_187,25.0
Larva_187,5.0
Larva_188,2.0
Larva_188,1.0
Larva_188,22.0
Larva_188,5.0
Larva_188,16.0
Larva_188,4.0
Larva_188,56.0
Larva_188,7.0
Larva_188,4.0
Larva_188,2.0
Larva_188,3.0
Larva_188,1.0
Larva_188,5.0
Larva_188,12.0
Larva_188,15.0
Larva_188,1.0
Larva_188,4.0
Larva_188,6.0
Larva_188,1.0
Larva_188,2.0
Larva_188,6.0
Larva_188,4.0
Larva_188,15.0
Larva_188,3.0
Larva_188,12.0
Larva_188,1.0
Larva_188,1.0
Larva_188,2.0
Larva_189,29.0
Larva_189,12.0
Larva_189,1.0
Larva_189,13.0
Larva_189,45.0
Larva_189,14.0
Larva_189,5.0
Larva_189,1.0
Larva_189,6.0
Larva_189,9.0
Larva_189,23.0
Larva_189,3.0
Larva_189,10.0
Larva_189,18.0
Larva_19,4.0
Larva_19,5.0
Larva_19,3.0
Larva_19,9.0
Larva_19,23.0
Larva_19,4.0
Larva_19,3.0
Larva_19,3.0
Larva_19,3.0
Larva_19,1.0
Larva_19,7.0
Larva_19,6.0
Larva_19,12.0
Larva_19,3.0
Larva_19,3.0
Larva_19,5.0
Larva_19,6.0
Larva_19,1.0
Larva_19,9.0
Larva_19,2.0
Larva_19,8.0
Larva_19,1.0
Larva_19,3.0
Larva_19,3.0
Larva_19,1.0
Larva_19,2.0
Larva_19,1.0
Larva_19,7.0
Larva_19,5.0
Larva_19,2.0
Larva_19,1.0
Larva_19,11.0
Larva_19,2.0
Larva_19,10.0
Larva_190,19.0
Larva_190,40.0
Larva_190,6.0
Larva_190,26.0
Larva_190,12.0
Larva_190,37.0
Larva_190,43.0
Larva_190,23.0
Larva_190,7.0
Larva_191,39.0
Larva_191,139.0
Larva_191,58.0
Larva_191,1.0
Larva_192,84.0
Larva_192,37.0
Larva_192,18.0
Larva_192,34.0
Larva_195,41.0
Larva_195,8.0
Larva_195,6.0
Larva_195,8.0
Larva_195,3.0
Larva_195,61.0
Larva_195,7.0
Larva_195,3.0
Larva_195,8.0
Larva_195,14.0
Larva_195,3.0
Larva_196,63.0
Larva_196,1.0
Larva_196,44.0
Larva_196,17.0
Larva_196,82.0
Larva_197,2.0
Larva_197,21.0
Larva_197,11.0
Larva_197,13.0
Larva_197,16.0
Larva_197,17.0
Larva_197,22.0
Larva_197,70.0
Larva_197,9.0
Larva_197,34.0
Larva_198,1.0
Larva_198,37.0
Larva_198,11.0
Larva_198,2.0
Larva_198,5.0
Larva_198,16.0
Larva_198,13.0
Larva_198,5.0
Larva_198,6.0
Larva_198,6.0
Larva_198,4.0
Larva_198,1.0
Larva_198,50.0
Larva_198,23.0
Larva_198,3.0
Larva_198,6.0
Larva_198,8.0
Larva_2,31.0
Larva_2,5.0
Larva_2,7.0
Larva_2,28.0
Larva_2,60.0
Larva_2,2.0
Larva_2,19.0
Larva_2,2.0
Larva_2,4.0
Larva_2,16.0
Larva_2,9.0
Larva_2,13.0
Larva_2,21.0
Larva_2,10.0
Larva_2,17.0
Larva_2,5.0
Larva_2,1.0
Larva_20,4.0
Larva_20,26.0
Larva_20,33.0
Larva_20,10.0
Larva_20,89.0
Larva_20,41.0
Larva_20,31.0
Larva_201,5.0
Larva_201,6.0
Larva_201,2.0
Larva_201,1.0
Larva_201,3.0
Larva_201,16.0
Larva_201,6.0
Larva_201,14.0
Larva_201,13.0
Larva_201,10.0
Larva_201,3.0
Larva_201,6.0
Larva_201,27.0
Larva_201,6.0
Larva_201,1.0
Larva_201,3.0
Larva_201,1.0
Larva_201,7.0
Larva_201,2.0
Larva_201,2.0
Larva_201,1.0
Larva_201,5.0
Larva_201,7.0
Larva_201,3.0
Larva_201,6.0
Larva_201,9.0
Larva_201,10.0
Larva_201,9.0
Larva_201,1.0
Larva_201,2.0
Larva_201,3.0
Larva_201,4.0
Larva_201,7.0
Larva_201,5.0
Larva_201,2.0
Larva_202,53.0
Larva_202,7.0
Larva_202,20.0
Larva_202,3.0
Larva_202,1.0
Larva_202,22.0
Larva_202,16.0
Larva_202,3.0
Larva_202,8.0
Larva_202,14.0
Larva_202,34.0
Larva_202,2.0
Larva_202,12.0
Larva_202,4.0
Larva_202,6.0
Larva_202,12.0
Larva_202,3.0
Larva_202,1.0
Larva_202,18.0
Larva_203,5.0
Larva_203,1.0
Larva_203,4.0
Larva_203,1.0
Larva_203,12.0
Larva_203,4.0
Larva_203,4.0
Larva_203,3.0
Larva_203,4.0
Larva_203,4.0
Larva_203,4.0
Larva_203,17.0
Larva_203,10.0
Larva_203,11.0
Larva_203,5.0
Larva_203,34.0
Larva_203,2.0
Larva_203,6.0
Larva_203,12.0
Larva_203,8.0
Larva_203,24.0
Larva_203,5.0
Larva_203,7.0
Larva_203,1.0
Larva_203,4.0
Larva_203,1.0
Larva_203,7.0
Larva_203,2.0
Larva_203,5.0
Larva_203,12.0
Larva_203,12.0
Larva_203,4.0
Larva_205,6.0
Larva_205,5.0
Larva_205,3.0
Larva_205,3.0
Larva_205,8.0
Larva_205,9.0
Larva_205,12.0
Larva_205,4.0
Larva_205,5.0
Larva_205,5.0
Larva_205,2.0
Larva_205,2.0
Larva_205,13.0
Larva_205,2.0
Larva_205,11.0
Larva_205,12.0
Larva_205,2.0
Larva_205,7.0
Larva_205,1.0
Larva_205,9.0
Larva_205,4.0
Larva_205,9.0
Larva_205,1.0
Larva_205,3.0
Larva_205,9.0
Larva_205,1.0
Larva_205,1.0
Larva_205,1.0
Larva_205,9.0
Larva_205,28.0
Larva_205,4.0
Larva_205,2.0
Larva_205,6.0
Larva_205,14.0
Larva_206,11.0
Larva_206,3.0
Larva_206,6.0
Larva_206,13.0
Larva_206,6.0
Larva_206,6.0
Larva_206,2.0
Larva_206,1.0
Larva_206,8.0
Larva_206,81.0
Larva_206,3.0
Larva_206,22.0
Larva_206,1.0
Larva_206,3.0
Larva_206,5.0
Larva_206,3.0
Larva_206,10.0
Larva_206,2.0
Larva_206,1.0
Larva_206,2.0
Larva_206,1.0
Larva_206,2.0
Larva_206,5.0
Larva_206,6.0
Larva_206,5.0
Larva_206,12.0
Larva_206,12.0
Larva_206,1.0
Larva_207,2.0
Larva_207,10.0
Larva_207,3.0
Larva_207,2.0
Larva_207,1.0
Larva_207,4.0
Larva_207,10.0
Larva_207,2.0
Larva_207,8.0
Larva_207,19.0
Larva_207,38.0
Larva_207,7.0
Larva_207,4.0
Larva_207,3.0
Larva_207,21.0
Larva_207,4.0
Larva_207,1.0
Larva_207,19.0
Larva_207,5.0
Larva_207,3.0
Larva_207,8.0
Larva_207,7.0
Larva_207,19.0
Larva_208,6.0
Larva_208,4.0
Larva_208,12.0
Larva_208,2.0
Larva_208,1.0
Larva_208,3.0
Larva_208,1.0
Larva_208,10.0
Larva_208,21.0
Larva_208,6.0
Larva_208,5.0
Larva_208,2.0
Larva_208,3.0
Larva_208,1.0
Larva_208,5.0
Larva_208,2.0
Larva_208,6.0
Larva_208,2.0
Larva_208,1.0
Larva_208,1.0
Larva_208,7.0
Larva_208,1.0
Larva_208,1.0
Larva_208,47.0
Larva_208,3.0
Larva_208,4.0
Larva_208,2.0
Larva_208,1.0
Larva_208,1.0
Larva_208,19.0
Larva_208,1.0
Larva_208,5.0
Larva_208,1.0
Larva_209,131.0
Larva_209,2.0
Larva_209,12.0
Larva_209,13.0
Larva_209,3.0
Larva_209,1.0
Larva_209,1.0
Larva_209,21.0
Larva_209,40.0
Larva_209,27.0
Larva_210,8.0
Larva_210,1.0
Larva_210,9.0
Larva_210,2.0
Larva_210,3.0
Larva_210,2.0
Larva_210,16.0
Larva_210,11.0
Larva_210,4.0
Larva_210,9.0
Larva_210,1.0
Larva_210,1.0
Larva_210,3.0
Larva_210,1.0
Larva_210,3.0
Larva_210,1.0
Larva_210,1.0
Larva_210,4.0
Larva_210,2.0
Larva_210,1.0
Larva_210,1.0
Larva_210,4.0
Larva_210,5.0
Larva_210,9.0
Larva_210,11.0
Larva_210,3.0
Larva_210,3.0
Larva_210,11.0
Larva_210,5.0
Larva_210,18.0
Larva_210,4.0
Larva_210,3.0
Larva_210,10.0
Larva_210,1.0
Larva_210,3.0
Larva_210,3.0
Larva_210,2.0
Larva_214,6.0
Larva_214,13.0
Larva_214,13.0
Larva_214,6.0
Larva_214,7.0
Larva_214,1.0
Larva_214,1.0
Larva_214,2.0
Larva_214,1.0
Larva_214,1.0
Larva_214,4.0
Larva_214,6.0
Larva_214,1.0
Larva_214,4.0
Larva_214,1.0
Larva_214,6.0
Larva_214,3.0
Larva_214,2.0
Larva_214,5.0
Larva_214,21.0
Larva_214,1.0
Larva_214,7.0
Larva_214,6.0
Larva_214,2.0
Larva_214,19.0
Larva_214,1.0
Larva_214,2.0
Larva_214,1.0
Larva_214,1.0
Larva_214,1.0
Larva_214,5.0
Larva_214,1.0
Larva_214,1.0
Larva_214,4.0
Larva_214,24.0
Larva_214,1.0
Larva_214,1.0
Larva_215,1.0
Larva_215,1.0
Larva_215,4.0
Larva_215,2.0
Larva_215,7.0
Larva_215,3.0
Larva_215,1.0
Larva_215,1.0
Larva_215,1.0
Larva_215,1.0
Larva_215,2.0
Larva_215,2.0
Larva_215,3.0
Larva_215,2.0
Larva_215,1.0
Larva_215,3.0
Larva_215,5.0
Larva_215,1.0
Larva_215,3.0
Larva_215,1.0
Larva_215,1.0
Larva_215,1.0
Larva_215,1.0
Larva_215,3.0
Larva_215,10.0
Larva_215,1.0
Larva_215,3.0
Larva_215,3.0
Larva_215,1.0
Larva_215,4.0
Larva_215,2.0
Larva_215,1.0
Larva_215,4.0
Larva_215,7.0
Larva_215,1.0
Larva_215,2.0
Larva_215,2.0
Larva_215,2.0
Larva_215,3.0
Larva_215,2.0
Larva_215,1.0
Larva_215,4.0
Larva_215,1.0
Larva_215,10.0
Larva_215,1.0
Larva_215,4.0
Larva_215,1.0
Larva_215,1.0
Larva_215,1.0
Larva_215,4.0
Larva_215,3.0
Larva_215,3.0
Larva_215,2.0
Larva_215,9.0
Larva_217,1.0
Larva_217,9.0
Larva_217,6.0
Larva_217,1.0
Larva_217,2.0
Larva_217,8.0
Larva_217,5.0
Larva_217,1.0
Larva_217,7.0
Larva_217,5.0
Larva_217,2.0
Larva_217,1.0
Larva_217,1.0
Larva_217,2.0
Larva_217,6.0
Larva_217,3.0
Larva_217,15.0
Larva_217,1.0
Larva_217,2.0
Larva_217,2.0
Larva_217,2.0
Larva_217,1.0
Larva_217,2.0
Larva_217,5.0
Larva_217,2.0
Larva_217,19.0
Larva_217,13.0
Larva_217,1.0
Larva_217,8.0
Larva_217,5.0
Larva_217,2.0
Larva_217,1.0
Larva_217,1.0
Larva_217,9.0
Larva_217,2.0
Larva_218,4.0
Larva_218,7.0
Larva_218,2.0
Larva_218,8.0
Larva_218,5.0
Larva_218,1.0
Larva_218,1.0
Larva_218,2.0
Larva_218,1.0
Larva_218,10.0
Larva_218,2.0
Larva_218,4.0
Larva_218,2.0
Larva_218,1.0
Larva_218,1.0
Larva_218,3.0
Larva_218,2.0
Larva_218,1.0
Larva_218,1.0
Larva_218,1.0
Larva_218,4.0
Larva_218,1.0
Larva_218,1.0
Larva_218,1.0
Larva_218,7.0
Larva_218,3.0
Larva_218,4.0
Larva_218,1.0
Larva_218,7.0
Larva_218,1.0
Larva_218,1.0
Larva_218,1.0
Larva_218,2.0
Larva_218,4.0
Larva_218,6.0
Larva_218,7.0
Larva_218,2.0
Larva_218,10.0
Larva_218,1.0
Larva_218,5.0
Larva_218,1.0
Larva_218,3.0
Larva_218,4.0
Larva_218,1.0
Larva_218,1.0
Larva_218,5.0
Larva_218,2.0
Larva_218,2.0
Larva_218,1.0
Larva_218,4.0
Larva_218,1.0
Larva_22,2.0
Larva_22,3.0
Larva_22,4.0
Larva_22,3.0
Larva_22,2.0
Larva_22,4.0
Larva_22,6.0
Larva_22,1.0
Larva_22,3.0
Larva_22,1.0
Larva_22,2.0
Larva_22,6.0
Larva_22,14.0
Larva_22,2.0
Larva_22,5.0
Larva_22,2.0
Larva_22,5.0
Larva_22,5.0
Larva_22,1.0
Larva_22,1.0
Larva_22,8.0
Larva_22,1.0
Larva_22,1.0
Larva_22,2.0
Larva_22,6.0
Larva_22,5.0
Larva_22,2.0
Larva_22,1.0
Larva_22,5.0
Larva_22,2.0
Larva_22,4.0
Larva_22,6.0
Larva_22,2.0
Larva_22,2.0
Larva_22,1.0
Larva_22,1.0
Larva_22,11.0
Larva_22,2.0
Larva_22,1.0
Larva_22,7.0
Larva_22,2.0
Larva_223,6.0
Larva_223,5.0
Larva_223,14.0
Larva_223,16.0
Larva_223,7.0
Larva_223,142.0
Larva_223,16.0
Larva_223,5.0
Larva_223,4.0
Larva_224,5.0
Larva_224,2.0
Larva_224,26.0
Larva_224,1.0
Larva_224,39.0
Larva_224,22.0
Larva_224,14.0
Larva_224,26.0
Larva_224,64.0
Larva_226,5.0
Larva_226,1.0
Larva_226,2.0
Larva_226,2.0
Larva_226,1.0
Larva_226,4.0
Larva_226,9.0
Larva_226,2.0
Larva_226,1.0
Larva_226,7.0
Larva_226,1.0
Larva_226,13.0
Larva_226,4.0
Larva_226,2.0
Larva_226,28.0
Larva_226,20.0
Larva_226,1.0
Larva_226,2.0
Larva_226,2.0
Larva_226,2.0
Larva_226,13.0
Larva_226,23.0
Larva_226,3.0
Larva_226,1.0
Larva_226,10.0
Larva_228,4.0
Larva_228,4.0
Larva_228,3.0
Larva_228,7.0
Larva_228,51.0
Larva_228,9.0
Larva_228,4.0
Larva_228,10.0
Larva_228,3.0
Larva_228,9.0
Larva_228,2.0
Larva_228,7.0
Larva_228,5.0
Larva_228,9.0
Larva_228,5.0
Larva_228,3.0
Larva_228,2.0
Larva_228,66.0
Larva_228,9.0
Larva_229,34.0
Larva_229,10.0
Larva_229,2.0
Larva_229,21.0
Larva_229,1.0
Larva_229,2.0
Larva_229,11.0
Larva_229,22.0
Larva_229,21.0
Larva_229,3.0
Larva_229,15.0
Larva_229,20.0
Larva_229,2.0
Larva_229,16.0
Larva_229,4.0
Larva_229,6.0
Larva_229,1.0
Larva_229,7.0
Larva_229,8.0
Larva_229,7.0
Larva_23,13.0
Larva_23,14.0
Larva_23,3.0
Larva_23,10.0
Larva_23,2.0
Larva_23,9.0
Larva_23,4.0
Larva_23,4.0
Larva_23,3.0
Larva_23,8.0
Larva_23,17.0
Larva_23,7.0
Larva_23,18.0
Larva_23,3.0
Larva_23,11.0
Larva_23,5.0
Larva_23,2.0
Larva_23,33.0
Larva_23,10.0
Larva_23,1.0
Larva_23,1.0
Larva_23,1.0
Larva_23,18.0
Larva_23,6.0
Larva_23,14.0
Larva_23,2.0
Larva_23,15.0
Larva_23,6.0
Larva_230,10.0
Larva_230,3.0
Larva_230,11.0
Larva_230,5.0
Larva_230,18.0
Larva_230,2.0
Larva_230,7.0
Larva_230,11.0
Larva_230,25.0
Larva_230,106.0
Larva_230,2.0
Larva_231,15.0
Larva_231,76.0
Larva_231,60.0
Larva_231,25.0
Larva_231,13.0
Larva_231,16.0
Larva_231,4.0
Larva_233,1.0
Larva_233,3.0
Larva_233,27.0
Larva_233,3.0
Larva_233,4.0
Larva_233,18.0
Larva_233,2.0
Larva_233,1.0
Larva_233,36.0
Larva_233,6.0
Larva_233,5.0
Larva_233,5.0
Larva_233,2.0
Larva_233,1.0
Larva_233,1.0
Larva_233,1.0
Larva_233,16.0
Larva_233,8.0
Larva_233,9.0
Larva_233,13.0
Larva_233,1.0
Larva_233,4.0
Larva_233,2.0
Larva_233,3.0
Larva_233,7.0
Larva_233,1.0
Larva_233,19.0
Larva_233,8.0
Larva_233,4.0
Larva_234,1.0
Larva_234,1.0
Larva_234,9.0
Larva_234,1.0
Larva_234,1.0
Larva_234,13.0
Larva_234,1.0
Larva_234,1.0
Larva_234,16.0
Larva_234,2.0
Larva_234,1.0
Larva_234,17.0
Larva_234,4.0
Larva_234,8.0
Larva_234,5.0
Larva_234,2.0
Larva_234,6.0
Larva_234,9.0
Larva_234,14.0
Larva_234,21.0
Larva_234,17.0
Larva_234,10.0
Larva_234,4.0
Larva_234,2.0
Larva_234,14.0
Larva_234,4.0
Larva_234,20.0
Larva_236,7.0
Larva_236,4.0
Larva_236,1.0
Larva_236,5.0
Larva_236,1.0
Larva_236,7.0
Larva_236,1.0
Larva_236,4.0
Larva_236,6.0
Larva_236,13.0
Larva_236,1.0
Larva_236,11.0
Larva_236,2.0
Larva_236,2.0
Larva_236,4.0
Larva_236,10.0
Larva_236,1.0
Larva_236,14.0
Larva_236,24.0
Larva_236,1.0
Larva_236,8.0
Larva_236,10.0
Larva_236,4.0
Larva_236,6.0
Larva_236,9.0
Larva_236,6.0
Larva_236,8.0
Larva_236,5.0
Larva_236,8.0
Larva_236,2.0
Larva_236,2.0
Larva_236,5.0
Larva_236,6.0
Larva_236,10.0
Larva_236,7.0
Larva_236,2.0
Larva_236,7.0
Larva_236,2.0
Larva_236,3.0
Larva_238,13.0
Larva_238,5.0
Larva_238,6.0
Larva_238,4.0
Larva_238,9.0
Larva_238,21.0
Larva_238,1.0
Larva_238,16.0
Larva_238,1.0
Larva_238,13.0
Larva_238,1.0
Larva_238,1.0
Larva_238,7.0
Larva_238,9.0
Larva_238,1.0
Larva_238,3.0
Larva_238,1.0
Larva_238,37.0
Larva_238,6.0
Larva_238,5.0
Larva_238,1.0
Larva_238,27.0
Larva_240,2.0
Larva_240,1.0
Larva_240,2.0
Larva_240,1.0
Larva_240,8.0
Larva_240,19.0
Larva_240,12.0
Larva_240,10.0
Larva_240,3.0
Larva_240,6.0
Larva_240,1.0
Larva_240,10.0
Larva_240,3.0
Larva_240,15.0
Larva_240,1.0
Larva_240,8.0
Larva_240,14.0
Larva_240,2.0
Larva_240,13.0
Larva_240,4.0
Larva_240,8.0
Larva_240,1.0
Larva_240,25.0
Larva_240,4.0
Larva_241,7.0
Larva_241,1.0
Larva_241,1.0
Larva_241,1.0
Larva_241,13.0
Larva_241,6.0
Larva_241,18.0
Larva_241,6.0
Larva_241,2.0
Larva_241,2.0
Larva_241,3.0
Larva_241,6.0
Larva_241,43.0
Larva_241,2.0
Larva_241,2.0
Larva_241,4.0
Larva_241,1.0
Larva_241,1.0
Larva_241,1.0
Larva_241,1.0
Larva_241,80.0
Larva_243,8.0
Larva_243,4.0
Larva_243,1.0
Larva_243,9.0
Larva_243,8.0
Larva_243,10.0
Larva_243,5.0
Larva_243,2.0
Larva_243,7.0
Larva_243,1.0
Larva_243,11.0
Larva_243,9.0
Larva_243,1.0
Larva_243,3.0
Larva_243,11.0
Larva_243,2.0
Larva_243,10.0
Larva_243,2.0
Larva_243,2.0
Larva_243,15.0
Larva_243,10.0
Larva_243,2.0
Larva_243,1.0
Larva_243,2.0
Larva_243,3.0
Larva_243,1.0
Larva_243,13.0
Larva_243,2.0
Larva_243,13.0
Larva_243,10.0
Larva_243,1.0
Larva_243,1.0
Larva_243,10.0
Larva_243,2.0
Larva_243,2.0
Larva_243,3.0
Larva_244,15.0
Larva_244,3.0
Larva_244,14.0
Larva_244,1.0
Larva_244,7.0
Larva_244,9.0
Larva_244,2.0
Larva_244,2.0
Larva_244,4.0
Larva_244,6.0
Larva_244,2.0
Larva_244,9.0
Larva_244,5.0
Larva_244,7.0
Larva_244,3.0
Larva_244,1.0
Larva_244,1.0
Larva_244,1.0
Larva_244,34.0
Larva_244,1.0
Larva_244,2.0
Larva_244,2.0
Larva_244,4.0
Larva_244,1.0
Larva_244,12.0
Larva_244,1.0
Larva_244,8.0
Larva_244,2.0
Larva_244,3.0
Larva_244,12.0
Larva_244,2.0
Larva_244,9.0
Larva_244,2.0
Larva_244,3.0
Larva_244,3.0
Larva_244,2.0
Larva_244,16.0
Larva_245,18.0
Larva_245,18.0
Larva_245,8.0
Larva_245,2.0
Larva_245,1.0
Larva_245,7.0
Larva_245,2.0
Larva_245,5.0
Larva_245,4.0
Larva_245,2.0
Larva_245,1.0
Larva_245,8.0
Larva_245,1.0
Larva_245,3.0
Larva_245,1.0
Larva_245,2.0
Larva_245,2.0
Larva_245,4.0
Larva_245,4.0
Larva_245,8.0
Larva_245,1.0
Larva_245,2.0
Larva_245,3.0
Larva_245,2.0
Larva_245,1.0
Larva_245,2.0
Larva_245,4.0
Larva_245,1.0
Larva_245,1.0
Larva_245,21.0
Larva_245,8.0
Larva_245,15.0
Larva_245,1.0
Larva_245,2.0
Larva_245,1.0
Larva_245,6.0
Larva_245,6.0
Larva_246,1.0
Larva_246,9.0
Larva_246,2.0
Larva_246,2.0
Larva_246,6.0
Larva_246,4.0
Larva_246,12.0
Larva_246,3.0
Larva_246,3.0
Larva_246,6.0
Larva_246,2.0
Larva_246,1.0
Larva_246,2.0
Larva_246,4.0
Larva_246,7.0
Larva_246,10.0
Larva_246,2.0
Larva_246,2.0
Larva_246,1.0
Larva_246,1.0
Larva_246,1.0
Larva_246,4.0
Larva_246,1.0
Larva_246,8.0
Larva_246,1.0
Larva_246,1.0
Larva_246,2.0
Larva_246,5.0
Larva_246,2.0
Larva_246,1.0
Larva_246,8.0
Larva_246,5.0
Larva_246,3.0
Larva_246,1.0
Larva_246,8.0
Larva_246,5.0
Larva_246,2.0
Larva_246,11.0
Larva_246,8.0
Larva_246,3.0
Larva_250,3.0
Larva_250,10.0
Larva_250,4.0
Larva_250,3.0
Larva_250,3.0
Larva_250,15.0
Larva_250,11.0
Larva_250,4.0
Larva_250,4.0
Larva_250,2.0
Larva_250,2.0
Larva_250,2.0
Larva_250,1.0
Larva_250,42.0
Larva_250,8.0
Larva_250,2.0
Larva_250,1.0
Larva_250,1.0
Larva_250,2.0
Larva_250,5.0
Larva_250,27.0
Larva_250,2.0
Larva_250,3.0
Larva_250,7.0
Larva_250,4.0
Larva_250,2.0
Larva_250,11.0
Larva_250,1.0
Larva_250,1.0
Larva_250,1.0
Larva_250,6.0
Larva_250,2.0
Larva_253,2.0
Larva_253,1.0
Larva_253,1.0
Larva_253,3.0
Larva_253,1.0
Larva_253,3.0
Larva_253,3.0
Larva_253,4.0
Larva_253,2.0
Larva_253,1.0
Larva_253,4.0
Larva_253,2.0
Larva_253,7.0
Larva_253,3.0
Larva_253,1.0
Larva_253,6.0
Larva_253,3.0
Larva_253,1.0
Larva_253,1.0
Larva_253,7.0
Larva_253,10.0
Larva_253,5.0
Larva_253,7.0
Larva_253,9.0
Larva_253,3.0
Larva_253,1.0
Larva_253,14.0
Larva_253,1.0
Larva_253,1.0
Larva_253,1.0
Larva_253,1.0
Larva_253,6.0
Larva_253,4.0
Larva_253,2.0
Larva_253,2.0
Larva_253,7.0
Larva_253,1.0
Larva_253,2.0
Larva_253,2.0
Larva_253,1.0
Larva_253,2.0
Larva_253,1.0
Larva_253,1.0
Larva_253,20.0
Larva_253,3.0
Larva_253,1.0
Larva_254,2.0
Larva_254,10.0
Larva_254,5.0
Larva_254,5.0
Larva_254,8.0
Larva_254,1.0
Larva_254,5.0
Larva_254,6.0
Larva_254,2.0
Larva_254,1.0
Larva_254,4.0
Larva_254,4.0
Larva_254,2.0
Larva_254,2.0
Larva_254,6.0
Larva_254,15.0
Larva_254,5.0
Larva_254,10.0
Larva_254,2.0
Larva_254,3.0
Larva_254,18.0
Larva_254,2.0
Larva_254,1.0
Larva_254,1.0
Larva_254,6.0
Larva_254,19.0
Larva_254,15.0
Larva_254,2.0
Larva_257,34.0
Larva_257,2.0
Larva_257,3.0
Larva_257,4.0
Larva_257,4.0
Larva_257,1.0
Larva_257,7.0
Larva_257,2.0
Larva_257,12.0
Larva_257,12.0
Larva_257,1.0
Larva_257,7.0
Larva_257,4.0
Larva_257,1.0
Larva_257,2.0
Larva_257,6.0
Larva_257,1.0
Larva_257,13.0
Larva_257,1.0
Larva_257,2.0
Larva_257,13.0
Larva_257,2.0
Larva_257,1.0
Larva_257,8.0
Larva_257,2.0
Larva_257,12.0
Larva_257,5.0
Larva_257,2.0
Larva_257,2.0
Larva_257,1.0
Larva_257,4.0
Larva_257,1.0
Larva_257,5.0
Larva_257,1.0
Larva_257,2.0
Larva_257,1.0
Larva_257,4.0
Larva_257,7.0
Larva_257,1.0
Larva_257,4.0
Larva_257,6.0
Larva_259,14.0
Larva_259,38.0
Larva_259,30.0
Larva_259,20.0
Larva_259,10.0
Larva_259,3.0
Larva_259,32.0
Larva_259,30.0
Larva_259,6.0
Larva_259,28.0
Larva_259,23.0
Larva_259,12.0
Larva_259,3.0
Larva_261,24.0
Larva_261,25.0
Larva_261,7.0
Larva_261,3.0
Larva_261,16.0
Larva_261,75.0
Larva_261,1.0
Larva_261,4.0
Larva_261,26.0
Larva_261,10.0
Larva_261,26.0
Larva_262,19.0
Larva_262,5.0
Larva_262,11.0
Larva_262,60.0
Larva_262,6.0
Larva_262,4.0
Larva_262,24.0
Larva_262,10.0
Larva_262,3.0
Larva_262,54.0
Larva_262,16.0
Larva_262,9.0
Larva_265,3.0
Larva_265,11.0
Larva_265,6.0
Larva_265,17.0
Larva_265,10.0
Larva_265,1.0
Larva_265,1.0
Larva_265,4.0
Larva_265,2.0
Larva_265,28.0
Larva_265,27.0
Larva_265,1.0
Larva_265,90.0
Larva_265,10.0
Larva_266,12.0
Larva_266,13.0
Larva_266,2.0
Larva_266,8.0
Larva_266,4.0
Larva_266,6.0
Larva_266,1.0
Larva_266,1.0
Larva_266,30.0
Larva_266,13.0
Larva_266,1.0
Larva_266,5.0
Larva_266,3.0
Larva_266,12.0
Larva_266,7.0
Larva_266,1.0
Larva_266,7.0
Larva_266,4.0
Larva_266,5.0
Larva_266,1.0
Larva_266,1.0
Larva_266,9.0
Larva_266,46.0
Larva_266,1.0
Larva_266,3.0
Larva_267,3.0
Larva_267,117.0
Larva_267,15.0
Larva_267,6.0
Larva_267,107.0
Larva_27,13.0
Larva_27,5.0
Larva_27,3.0
Larva_27,2.0
Larva_27,2.0
Larva_27,6.0
Larva_27,8.0
Larva_27,5.0
Larva_27,2.0
Larva_27,1.0
Larva_27,2.0
Larva_27,4.0
Larva_27,13.0
Larva_27,7.0
Larva_27,21.0
Larva_27,6.0
Larva_27,1.0
Larva_27,7.0
Larva_27,5.0
Larva_27,6.0
Larva_27,6.0
Larva_27,4.0
Larva_27,1.0
Larva_27,1.0
Larva_27,5.0
Larva_27,3.0
Larva_27,4.0
Larva_27,4.0
Larva_27,4.0
Larva_27,1.0
Larva_27,18.0
Larva_27,3.0
Larva_27,4.0
Larva_27,2.0
Larva_27,6.0
Larva_271,68.0
Larva_271,6.0
Larva_271,29.0
Larva_271,10.0
Larva_271,44.0
Larva_271,22.0
Larva_271,8.0
Larva_271,21.0
Larva_271,4.0
Larva_271,14.0
Larva_272,4.0
Larva_272,3.0
Larva_272,7.0
Larva_272,3.0
Larva_272,4.0
Larva_272,3.0
Larva_272,4.0
Larva_272,50.0
Larva_272,4.0
Larva_272,1.0
Larva_272,4.0
Larva_272,3.0
Larva_272,4.0
Larva_272,9.0
Larva_272,18.0
Larva_272,3.0
Larva_272,5.0
Larva_272,2.0
Larva_272,11.0
Larva_272,1.0
Larva_272,1.0
Larva_272,1.0
Larva_272,2.0
Larva_272,1.0
Larva_272,3.0
Larva_272,3.0
Larva_272,2.0
Larva_272,4.0
Larva_273,2.0
Larva_273,5.0
Larva_273,25.0
Larva_273,23.0
Larva_273,6.0
Larva_273,5.0
Larva_273,6.0
Larva_273,2.0
Larva_273,6.0
Larva_273,7.0
Larva_273,1.0
Larva_273,5.0
Larva_273,12.0
Larva_273,8.0
Larva_273,7.0
Larva_273,17.0
Larva_273,3.0
Larva_273,44.0
Larva_273,3.0
Larva_273,19.0
Larva_273,1.0
Larva_274,24.0
Larva_274,1.0
Larva_274,24.0
Larva_274,20.0
Larva_274,44.0
Larva_274,91.0
Larva_274,32.0
Larva_277,1.0
Larva_277,16.0
Larva_277,6.0
Larva_277,19.0
Larva_277,9.0
Larva_277,2.0
Larva_277,6.0
Larva_277,15.0
Larva_277,3.0
Larva_277,2.0
Larva_277,3.0
Larva_277,1.0
Larva_277,5.0
Larva_277,5.0
Larva_277,17.0
Larva_277,2.0
Larva_277,21.0
Larva_277,11.0
Larva_277,3.0
Larva_277,1.0
Larva_277,3.0
Larva_277,6.0
Larva_277,1.0
Larva_277,10.0
Larva_277,10.0
Larva_278,4.0
Larva_278,2.0
Larva_278,1.0
Larva_278,4.0
Larva_278,3.0
Larva_278,1.0
Larva_278,4.0
Larva_278,10.0
Larva_278,1.0
Larva_278,17.0
Larva_278,2.0
Larva_278,14.0
Larva_278,11.0
Larva_278,8.0
Larva_278,4.0
Larva_278,2.0
Larva_278,3.0
Larva_278,3.0
Larva_278,3.0
Larva_278,16.0
Larva_278,20.0
Larva_278,4.0
Larva_278,4.0
Larva_278,2.0
Larva_278,1.0
Larva_278,6.0
Larva_278,5.0
Larva_278,9.0
Larva_279,3.0
Larva_279,4.0
Larva_279,10.0
Larva_279,37.0
Larva_279,5.0
Larva_279,5.0
Larva_279,1.0
Larva_279,3.0
Larva_279,1.0
Larva_279,15.0
Larva_279,7.0
Larva_279,1.0
Larva_279,2.0
Larva_279,1.0
Larva_279,11.0
Larva_279,1.0
Larva_279,1.0
Larva_279,2.0
Larva_279,1.0
Larva_279,2.0
Larva_279,1.0
Larva_279,4.0
Larva_279,2.0
Larva_279,3.0
Larva_279,1.0
Larva_279,3.0
Larva_279,6.0
Larva_279,1.0
Larva_279,2.0
Larva_279,1.0
Larva_279,4.0
Larva_279,5.0
Larva_279,6.0
Larva_281,2.0
Larva_281,10.0
Larva_281,30.0
Larva_281,12.0
Larva_281,18.0
Larva_281,7.0
Larva_281,8.0
Larva_281,5.0
Larva_281,24.0
Larva_281,5.0
Larva_281,1.0
Larva_281,5.0
Larva_281,2.0
Larva_281,1.0
Larva_281,1.0
Larva_281,3.0
Larva_281,3.0
Larva_281,2.0
Larva_281,1.0
Larva_281,12.0
Larva_281,1.0
Larva_281,1.0
Larva_281,6.0
Larva_281,5.0
Larva_281,4.0
Larva_282,4.0
Larva_282,4.0
Larva_282,2.0
Larva_282,5.0
Larva_282,5.0
Larva_282,3.0
Larva_282,9.0
Larva_282,7.0
Larva_282,1.0
Larva_282,6.0
Larva_282,8.0
Larva_282,5.0
Larva_282,5.0
Larva_282,3.0
Larva_282,1.0
Larva_282,7.0
Larva_282,3.0
Larva_282,1.0
Larva_282,5.0
Larva_282,2.0
Larva_282,7.0
Larva_282,3.0
Larva_282,2.0
Larva_282,6.0
Larva_282,5.0
Larva_282,1.0
Larva_282,5.0
Larva_282,3.0
Larva_282,6.0
Larva_282,2.0
Larva_282,3.0
Larva_282,5.0
Larva_282,1.0
Larva_282,15.0
Larva_283,7.0
Larva_283,1.0
Larva_283,4.0
Larva_283,1.0
Larva_283,5.0
Larva_283,8.0
Larva_283,7.0
Larva_283,5.0
Larva_283,2.0
Larva_283,3.0
Larva_283,2.0
Larva_283,3.0
Larva_283,2.0
Larva_283,1.0
Larva_283,1.0
Larva_283,2.0
Larva_283,7.0
Larva_283,24.0
Larva_283,1.0
Larva_283,1.0
Larva_283,2.0
Larva_283,3.0
Larva_283,1.0
Larva_283,3.0
Larva_283,4.0
Larva_283,1.0
Larva_283,2.0
Larva_283,1.0
Larva_283,2.0
Larva_283,6.0
Larva_283,3.0
Larva_283,1.0
Larva_283,2.0
Larva_283,3.0
Larva_283,1.0
Larva_283,1.0
Larva_283,1.0
Larva_283,4.0
Larva_283,7.0
Larva_283,4.0
Larva_283,3.0
Larva_284,9.0
Larva_284,4.0
Larva_284,2.0
Larva_284,8.0
Larva_284,7.0
Larva_284,2.0
Larva_284,17.0
Larva_284,4.0
Larva_284,7.0
Larva_284,4.0
Larva_284,2.0
Larva_284,5.0
Larva_284,1.0
Larva_284,1.0
Larva_284,2.0
Larva_284,5.0
Larva_284,2.0
Larva_284,29.0
Larva_284,6.0
Larva_284,1.0
Larva_284,6.0
Larva_284,2.0
Larva_284,12.0
Larva_284,6.0
Larva_284,1.0
Larva_284,5.0
Larva_284,2.0
Larva_284,4.0
Larva_284,5.0
Larva_285,3.0
Larva_285,5.0
Larva_285,3.0
Larva_285,15.0
Larva_285,1.0
Larva_285,7.0
Larva_285,3.0
Larva_285,1.0
Larva_285,3.0
Larva_285,8.0
Larva_285,11.0
Larva_285,1.0
Larva_285,2.0
Larva_285,4.0
Larva_285,1.0
Larva_285,2.0
Larva_285,2.0
Larva_285,1.0
Larva_285,3.0
Larva_285,3.0
Larva_285,2.0
Larva_285,6.0
Larva_285,1.0
Larva_285,11.0
Larva_285,5.0
Larva_285,3.0
Larva_285,4.0
Larva_285,2.0
Larva_285,3.0
Larva_285,3.0
Larva_285,2.0
Larva_285,3.0
Larva_285,6.0
Larva_285,4.0
Larva_285,13.0
Larva_285,20.0
Larva_285,6.0
Larva_285,1.0
Larva_29,37.0
Larva_29,20.0
Larva_29,24.0
Larva_29,52.0
Larva_29,21.0
Larva_29,1.0
Larva_29,53.0
Larva_29,21.0
Larva_29,10.0
Larva_290,39.0
Larva_290,40.0
Larva_290,5.0
Larva_290,5.0
Larva_290,5.0
Larva_290,57.0
Larva_290,3.0
Larva_290,11.0
Larva_290,5.0
Larva_290,9.0
Larva_290,5.0
Larva_290,1.0
Larva_290,2.0
Larva_290,19.0
Larva_290,20.0
Larva_290,9.0
Larva_291,18.0
Larva_291,91.0
Larva_291,8.0
Larva_291,40.0
Larva_291,11.0
Larva_291,3.0
Larva_291,33.0
Larva_291,29.0
Larva_291,44.0
Larva_296,6.0
Larva_296,52.0
Larva_296,94.0
Larva_296,49.0
Larva_296,5.0
Larva_296,1.0
Larva_296,1.0
Larva_296,4.0
Larva_296,11.0
Larva_296,3.0
Larva_297,7.0
Larva_297,2.0
Larva_297,5.0
Larva_297,1.0
Larva_297,8.0
Larva_297,5.0
Larva_297,3.0
Larva_297,4.0
Larva_297,8.0
Larva_297,5.0
Larva_297,12.0
Larva_297,4.0
Larva_297,12.0
Larva_297,5.0
Larva_297,9.0
Larva_297,4.0
Larva_297,10.0
Larva_297,2.0
Larva_297,3.0
Larva_297,109.0
Larva_298,97.0
Larva_298,63.0
Larva_298,9.0
Larva_298,3.0
Larva_298,25.0
Larva_298,23.0
Larva_298,6.0
Larva_299,60.0
Larva_299,19.0
Larva_299,146.0
Larva_299,9.0
Larva_3,1.0
Larva_3,7.0
Larva_3,1.0
Larva_3,2.0
Larva_3,20.0
Larva_3,3.0
Larva_3,4.0
Larva_3,38.0
Larva_3,35.0
Larva_3,18.0
Larva_3,3.0
Larva_3,2.0
Larva_3,3.0
Larva_3,2.0
Larva_3,19.0
Larva_3,49.0
Larva_3,10.0
Larva_3,5.0
Larva_300,22.0
Larva_300,1.0
Larva_300,9.0
Larva_300,3.0
Larva_300,2.0
Larva_300,67.0
Larva_300,7.0
Larva_300,13.0
Larva_300,1.0
Larva_300,4.0
Larva_300,34.0
Larva_300,6.0
Larva_300,4.0
Larva_300,20.0
Larva_300,2.0
Larva_32,1.0
Larva_32,29.0
Larva_32,9.0
Larva_32,8.0
Larva_32,64.0
Larva_32,21.0
Larva_32,3.0
Larva_32,5.0
Larva_32,10.0
Larva_32,17.0
Larva_32,12.0
Larva_32,57.0
Larva_32,2.0
Larva_33,13.0
Larva_33,5.0
Larva_33,8.0
Larva_33,54.0
Larva_33,9.0
Larva_33,6.0
Larva_33,1.0
Larva_33,2.0
Larva_33,14.0
Larva_33,2.0
Larva_33,9.0
Larva_33,1.0
Larva_33,1.0
Larva_33,11.0
Larva_33,1.0
Larva_33,2.0
Larva_33,8.0
Larva_33,4.0
Larva_33,9.0
Larva_33,18.0
Larva_33,2.0
Larva_33,1.0
Larva_33,8.0
Larva_33,11.0
Larva_33,10.0
Larva_35,15.0
Larva_35,35.0
Larva_35,4.0
Larva_35,5.0
Larva_35,5.0
Larva_35,12.0
Larva_35,5.0
Larva_35,6.0
Larva_35,2.0
Larva_35,18.0
Larva_35,4.0
Larva_35,17.0
Larva_35,23.0
Larva_35,3.0
Larva_35,6.0
Larva_35,1.0
Larva_35,5.0
Larva_35,4.0
Larva_35,10.0
Larva_35,6.0
Larva_35,4.0
Larva_35,2.0
Larva_35,2.0
Larva_35,15.0
Larva_35,3.0
Larva_36,29.0
Larva_36,10.0
Larva_36,15.0
Larva_36,9.0
Larva_36,66.0
Larva_36,7.0
Larva_36,20.0
Larva_36,23.0
Larva_36,22.0
Larva_36,1.0
Larva_36,50.0
Larva_37,9.0
Larva_37,11.0
Larva_37,6.0
Larva_37,17.0
Larva_37,14.0
Larva_37,96.0
Larva_37,45.0
Larva_37,17.0
Larva_37,7.0
Larva_37,3.0
Larva_38,5.0
Larva_38,2.0
Larva_38,28.0
Larva_38,5.0
Larva_38,1.0
Larva_38,6.0
Larva_38,2.0
Larva_38,8.0
Larva_38,9.0
Larva_38,3.0
Larva_38,10.0
Larva_38,10.0
Larva_38,28.0
Larva_38,1.0
Larva_38,4.0
Larva_38,17.0
Larva_38,2.0
Larva_38,7.0
Larva_38,43.0
Larva_38,5.0
Larva_38,2.0
Larva_38,6.0
Larva_39,1.0
Larva_39,1.0
Larva_39,2.0
Larva_39,16.0
Larva_39,1.0
Larva_39,4.0
Larva_39,14.0
Larva_39,3.0
Larva_39,2.0
Larva_39,5.0
Larva_39,1.0
Larva_39,1.0
Larva_39,12.0
Larva_39,1.0
Larva_39,4.0
Larva_39,1.0
Larva_39,11.0
Larva_39,10.0
Larva_39,16.0
Larva_39,6.0
Larva_39,1.0
Larva_39,24.0
Larva_39,34.0
Larva_39,3.0
Larva_39,6.0
Larva_39,9.0
Larva_39,2.0
Larva_39,12.0
Larva_39,1.0
Larva_4,23.0
Larva_4,2.0
Larva_4,1.0
Larva_4,2.0
Larva_4,1.0
Larva_4,4.0
Larva_4,10.0
Larva_4,6.0
Larva_4,3.0
Larva_4,4.0
Larva_4,9.0
Larva_4,10.0
Larva_4,11.0
Larva_4,5.0
Larva_4,6.0
Larva_4,3.0
Larva_4,7.0
Larva_4,1.0
Larva_4,2.0
Larva_4,4.0
Larva_4,7.0
Larva_4,1.0
Larva_4,5.0
Larva_4,10.0
Larva_4,7.0
Larva_4,1.0
Larva_4,27.0
Larva_4,1.0
Larva_4,3.0
Larva_4,15.0
Larva_4,2.0
Larva_4,7.0
Larva_40,2.0
Larva_40,7.0
Larva_40,4.0
Larva_40,13.0
Larva_40,7.0
Larva_40,4.0
Larva_40,1.0
Larva_40,5.0
Larva_40,6.0
Larva_40,1.0
Larva_40,5.0
Larva_40,4.0
Larva_40,4.0
Larva_40,5.0
Larva_40,10.0
Larva_40,4.0
Larva_40,1.0
Larva_40,8.0
Larva_40,4.0
Larva_40,5.0
Larva_40,2.0
Larva_40,7.0
Larva_40,1.0
Larva_40,1.0
Larva_40,1.0
Larva_40,1.0
Larva_40,6.0
Larva_40,2.0
Larva_40,2.0
Larva_40,5.0
Larva_40,3.0
Larva_40,2.0
Larva_40,4.0
Larva_40,4.0
Larva_40,1.0
Larva_40,3.0
Larva_40,6.0
Larva_40,1.0
Larva_40,3.0
Larva_40,4.0
Larva_40,4.0
Larva_40,1.0
Larva_40,1.0
Larva_40,2.0
Larva_40,3.0
Larva_40,1.0
Larva_40,13.0
Larva_40,3.0
Larva_42,4.0
Larva_42,11.0
Larva_42,17.0
Larva_42,13.0
Larva_42,9.0
Larva_42,33.0
Larva_42,4.0
Larva_42,11.0
Larva_42,2.0
Larva_42,4.0
Larva_42,1.0
Larva_42,7.0
Larva_42,3.0
Larva_42,2.0
Larva_42,6.0
Larva_42,3.0
Larva_42,29.0
Larva_42,16.0
Larva_42,2.0
Larva_42,9.0
Larva_42,2.0
Larva_42,4.0
Larva_42,2.0
Larva_42,9.0
Larva_43,45.0
Larva_43,30.0
Larva_43,55.0
Larva_43,7.0
Larva_43,4.0
Larva_43,12.0
Larva_43,16.0
Larva_43,22.0
Larva_43,1.0
Larva_43,1.0
Larva_43,12.0
Larva_43,9.0
Larva_43,10.0
Larva_43,10.0
Larva_43,2.0
Larva_46,15.0
Larva_46,5.0
Larva_46,9.0
Larva_46,1.0
Larva_46,1.0
Larva_46,31.0
Larva_46,2.0
Larva_46,6.0
Larva_46,14.0
Larva_46,3.0
Larva_46,4.0
Larva_46,28.0
Larva_46,19.0
Larva_46,14.0
Larva_46,26.0
Larva_46,1.0
Larva_46,6.0
Larva_46,2.0
Larva_46,2.0
Larva_46,23.0
Larva_47,1.0
Larva_47,1.0
Larva_47,5.0
Larva_47,2.0
Larva_47,1.0
Larva_47,5.0
Larva_47,1.0
Larva_47,1.0
Larva_47,2.0
Larva_47,2.0
Larva_47,1.0
Larva_47,1.0
Larva_47,1.0
Larva_47,1.0
Larva_47,2.0
Larva_47,3.0
Larva_47,5.0
Larva_47,2.0
Larva_47,1.0
Larva_47,1.0
Larva_47,23.0
Larva_47,1.0
Larva_47,9.0
Larva_47,2.0
Larva_47,2.0
Larva_47,1.0
Larva_47,3.0
Larva_47,5.0
Larva_47,2.0
Larva_47,8.0
Larva_47,2.0
Larva_47,1.0
Larva_47,4.0
Larva_47,1.0
Larva_47,1.0
Larva_47,1.0
Larva_47,3.0
Larva_47,1.0
Larva_47,1.0
Larva_47,1.0
Larva_47,1.0
Larva_47,1.0
Larva_47,2.0
Larva_47,1.0
Larva_47,2.0
Larva_47,2.0
Larva_47,8.0
Larva_47,1.0
Larva_47,2.0
Larva_47,2.0
Larva_47,3.0
Larva_47,2.0
Larva_47,2.0
Larva_47,2.0
Larva_47,2.0
Larva_48,3.0
Larva_48,9.0
Larva_48,28.0
Larva_48,2.0
Larva_48,2.0
Larva_48,15.0
Larva_48,10.0
Larva_48,3.0
Larva_48,92.0
Larva_48,59.0
Larva_50,38.0
Larva_50,14.0
Larva_50,2.0
Larva_50,1.0
Larva_50,6.0
Larva_50,56.0
Larva_50,10.0
Larva_50,11.0
Larva_50,4.0
Larva_50,1.0
Larva_50,5.0
Larva_50,1.0
Larva_50,2.0
Larva_50,11.0
Larva_50,6.0
Larva_50,2.0
Larva_50,3.0
Larva_50,20.0
Larva_50,3.0
Larva_50,8.0
Larva_50,21.0
Larva_50,12.0
Larva_51,23.0
Larva_51,23.0
Larva_51,36.0
Larva_51,20.0
Larva_51,72.0
Larva_51,6.0
Larva_51,13.0
Larva_51,37.0
Larva_51,11.0
Larva_51,1.0
Larva_51,2.0
Larva_51,12.0
Larva_52,50.0
Larva_52,1.0
Larva_52,1.0
Larva_52,30.0
Larva_52,8.0
Larva_52,7.0
Larva_52,1.0
Larva_52,5.0
Larva_52,9.0
Larva_52,9.0
Larva_52,2.0
Larva_52,2.0
Larva_52,29.0
Larva_52,6.0
Larva_52,1.0
Larva_52,13.0
Larva_52,3.0
Larva_52,14.0
Larva_52,1.0
Larva_52,7.0
Larva_52,7.0
Larva_52,10.0
Larva_52,9.0
Larva_53,3.0
Larva_53,56.0
Larva_53,4.0
Larva_53,18.0
Larva_53,89.0
Larva_53,18.0
Larva_53,15.0
Larva_53,16.0
Larva_53,4.0
Larva_53,3.0
Larva_54,3.0
Larva_54,1.0
Larva_54,25.0
Larva_54,2.0
Larva_54,38.0
Larva_54,26.0
Larva_54,9.0
Larva_54,3.0
Larva_54,12.0
Larva_54,17.0
Larva_54,38.0
Larva_54,2.0
Larva_54,3.0
Larva_54,4.0
Larva_54,4.0
Larva_54,2.0
Larva_57,28.0
Larva_57,1.0
Larva_57,3.0
Larva_57,16.0
Larva_57,1.0
Larva_57,8.0
Larva_57,6.0
Larva_57,2.0
Larva_57,53.0
Larva_57,7.0
Larva_57,7.0
Larva_57,14.0
Larva_57,7.0
Larva_57,45.0
Larva_57,5.0
Larva_57,8.0
Larva_57,2.0
Larva_57,26.0
Larva_57,3.0
Larva_58,2.0
Larva_58,3.0
Larva_58,9.0
Larva_58,8.0
Larva_58,4.0
Larva_58,5.0
Larva_58,7.0
Larva_58,6.0
Larva_58,8.0
Larva_58,2.0
Larva_58,43.0
Larva_58,1.0
Larva_58,10.0
Larva_58,4.0
Larva_58,23.0
Larva_58,4.0
Larva_58,2.0
Larva_58,1.0
Larva_58,1.0
Larva_58,1.0
Larva_58,12.0
Larva_58,1.0
Larva_58,2.0
Larva_58,2.0
Larva_58,1.0
Larva_58,1.0
Larva_58,1.0
Larva_58,1.0
Larva_58,1.0
Larva_58,15.0
Larva_58,6.0
Larva_58,3.0
Larva_58,10.0
Larva_59,5.0
Larva_59,2.0
Larva_59,2.0
Larva_59,3.0
Larva_59,10.0
Larva_59,4.0
Larva_59,5.0
Larva_59,4.0
Larva_59,1.0
Larva_59,5.0
Larva_59,4.0
Larva_59,8.0
Larva_59,10.0
Larva_59,2.0
Larva_59,8.0
Larva_59,3.0
Larva_59,22.0
Larva_59,11.0
Larva_59,7.0
Larva_59,51.0
Larva_59,13.0
Larva_59,2.0
Larva_59,5.0
Larva_59,1.0
Larva_59,5.0
Larva_59,2.0
Larva_59,2.0
Larva_59,29.0
Larva_6,1.0
Larva_6,17.0
Larva_6,22.0
Larva_6,57.0
Larva_6,19.0
Larva_6,3.0
Larva_6,5.0
Larva_6,8.0
Larva_6,22.0
Larva_6,1.0
Larva_6,1.0
Larva_6,11.0
Larva_6,1.0
Larva_6,6.0
Larva_6,1.0
Larva_6,1.0
Larva_6,2.0
Larva_6,47.0
Larva_61,4.0
Larva_61,1.0
Larva_61,5.0
Larva_61,12.0
Larva_61,1.0
Larva_61,7.0
Larva_61,2.0
Larva_61,6.0
Larva_61,5.0
Larva_61,2.0
Larva_61,24.0
Larva_61,4.0
Larva_61,3.0
Larva_61,8.0
Larva_61,5.0
Larva_61,2.0
Larva_61,6.0
Larva_61,6.0
Larva_61,6.0
Larva_61,3.0
Larva_61,10.0
Larva_61,20.0
Larva_61,1.0
Larva_61,10.0
Larva_61,1.0
Larva_61,3.0
Larva_61,1.0
Larva_61,5.0
Larva_61,21.0
Larva_61,6.0
Larva_61,5.0
Larva_61,3.0
Larva_67,15.0
Larva_67,10.0
Larva_67,16.0
Larva_67,7.0
Larva_67,12.0
Larva_67,4.0
Larva_67,21.0
Larva_67,5.0
Larva_67,9.0
Larva_67,57.0
Larva_67,5.0
Larva_67,11.0
Larva_67,29.0
Larva_67,7.0
Larva_67,8.0
Larva_67,3.0
Larva_67,1.0
Larva_67,20.0
Larva_68,29.0
Larva_68,1.0
Larva_68,29.0
Larva_68,2.0
Larva_68,2.0
Larva_68,2.0
Larva_68,1.0
Larva_68,11.0
Larva_68,2.0
Larva_68,3.0
Larva_68,1.0
Larva_68,14.0
Larva_68,10.0
Larva_68,19.0
Larva_68,14.0
Larva_68,8.0
Larva_68,15.0
Larva_68,1.0
Larva_68,1.0
Larva_68,5.0
Larva_68,38.0
Larva_69,2.0
Larva_69,4.0
Larva_69,2.0
Larva_69,22.0
Larva_69,20.0
Larva_69,9.0
Larva_69,10.0
Larva_69,2.0
Larva_69,144.0
Larva_69,1.0
Larva_69,1.0
Larva_69,7.0
Larva_69,16.0
Larva_7,10.0
Larva_7,49.0
Larva_7,4.0
Larva_7,9.0
Larva_7,7.0
Larva_7,45.0
Larva_7,20.0
Larva_7,60.0
Larva_7,26.0
Larva_7,5.0
Larva_71,50.0
Larva_71,10.0
Larva_71,3.0
Larva_71,5.0
Larva_71,9.0
Larva_71,33.0
Larva_71,7.0
Larva_71,15.0
Larva_71,2.0
Larva_71,13.0
Larva_71,2.0
Larva_72,11.0
Larva_72,11.0
Larva_72,4.0
Larva_72,2.0
Larva_72,5.0
Larva_72,11.0
Larva_72,4.0
Larva_72,1.0
Larva_72,14.0
Larva_72,1.0
Larva_72,1.0
Larva_72,1.0
Larva_72,4.0
Larva_72,11.0
Larva_72,6.0
Larva_72,2.0
Larva_72,1.0
Larva_72,1.0
Larva_72,4.0
Larva_72,2.0
Larva_72,22.0
Larva_72,3.0
Larva_72,11.0
Larva_72,1.0
Larva_72,3.0
Larva_72,4.0
Larva_72,2.0
Larva_76,34.0
Larva_76,18.0
Larva_76,14.0
Larva_76,17.0
Larva_76,1.0
Larva_76,13.0
Larva_76,6.0
Larva_76,24.0
Larva_76,1.0
Larva_76,1.0
Larva_76,21.0
Larva_76,7.0
Larva_76,26.0
Larva_76,7.0
Larva_76,2.0
Larva_78,2.0
Larva_78,3.0
Larva_78,5.0
Larva_78,2.0
Larva_78,3.0
Larva_78,8.0
Larva_78,5.0
Larva_78,4.0
Larva_78,1.0
Larva_78,5.0
Larva_78,2.0
Larva_78,5.0
Larva_78,3.0
Larva_78,10.0
Larva_78,26.0
Larva_78,9.0
Larva_78,6.0
Larva_78,2.0
Larva_78,7.0
Larva_78,18.0
Larva_78,2.0
Larva_78,5.0
Larva_78,11.0
Larva_78,5.0
Larva_78,53.0
Larva_78,7.0
Larva_79,1.0
Larva_79,8.0
Larva_79,62.0
Larva_79,99.0
Larva_79,9.0
Larva_79,1.0
Larva_79,3.0
Larva_79,3.0
Larva_79,41.0
Larva_79,3.0
Larva_79,6.0
Larva_79,4.0
Larva_8,1.0
Larva_8,15.0
Larva_8,10.0
Larva_8,6.0
Larva_8,4.0
Larva_8,7.0
Larva_8,13.0
Larva_8,34.0
Larva_8,1.0
Larva_8,35.0
Larva_8,3.0
Larva_8,15.0
Larva_8,6.0
Larva_8,9.0
Larva_8,16.0
Larva_8,3.0
Larva_8,46.0
Larva_81,6.0
Larva_81,10.0
Larva_81,14.0
Larva_81,6.0
Larva_81,2.0
Larva_81,5.0
Larva_81,18.0
Larva_81,1.0
Larva_81,6.0
Larva_81,4.0
Larva_81,18.0
Larva_81,3.0
Larva_81,3.0
Larva_81,1.0
Larva_81,2.0
Larva_81,3.0
Larva_81,8.0
Larva_81,8.0
Larva_81,7.0
Larva_81,2.0
Larva_81,44.0
Larva_81,6.0
Larva_81,6.0
Larva_81,10.0
Larva_81,7.0
Larva_83,1.0
Larva_83,2.0
Larva_83,3.0
Larva_83,5.0
Larva_83,17.0
Larva_83,2.0
Larva_83,29.0
Larva_83,1.0
Larva_83,2.0
Larva_83,6.0
Larva_83,21.0
Larva_83,10.0
Larva_83,4.0
Larva_83,1.0
Larva_83,1.0
Larva_83,1.0
Larva_83,6.0
Larva_83,17.0
Larva_83,25.0
Larva_83,7.0
Larva_83,1.0
Larva_83,11.0
Larva_83,13.0
Larva_83,1.0
Larva_83,9.0
Larva_85,40.0
Larva_85,8.0
Larva_85,3.0
Larva_85,2.0
Larva_85,1.0
Larva_85,2.0
Larva_85,2.0
Larva_85,10.0
Larva_85,20.0
Larva_85,12.0
Larva_85,7.0
Larva_85,8.0
Larva_85,9.0
Larva_85,9.0
Larva_85,9.0
Larva_85,5.0
Larva_85,16.0
Larva_85,4.0
Larva_85,1.0
Larva_85,1.0
Larva_85,11.0
Larva_85,4.0
Larva_85,1.0
Larva_87,5.0
Larva_87,7.0
Larva_87,1.0
Larva_87,11.0
Larva_87,1.0
Larva_87,2.0
Larva_87,4.0
Larva_87,10.0
Larva_87,5.0
Larva_87,4.0
Larva_87,6.0
Larva_87,9.0
Larva_87,8.0
Larva_87,1.0
Larva_87,57.0
Larva_87,4.0
Larva_87,18.0
Larva_87,13.0
Larva_87,2.0
Larva_87,1.0
Larva_87,1.0
Larva_87,41.0
Larva_87,2.0
Larva_87,1.0
Larva_88,2.0
Larva_88,1.0
Larva_88,21.0
Larva_88,4.0
Larva_88,2.0
Larva_88,2.0
Larva_88,1.0
Larva_88,2.0
Larva_88,31.0
Larva_88,1.0
Larva_88,3.0
Larva_88,1.0
Larva_88,9.0
Larva_88,1.0
Larva_88,9.0
Larva_88,26.0
Larva_88,8.0
Larva_88,4.0
Larva_88,1.0
Larva_88,2.0
Larva_88,3.0
Larva_88,2.0
Larva_88,18.0
Larva_88,4.0
Larva_88,29.0
Larva_88,4.0
Larva_9,26.0
Larva_9,49.0
Larva_9,1.0
Larva_9,25.0
Larva_9,2.0
Larva_9,3.0
Larva_9,1.0
Larva_9,5.0
Larva_9,82.0
Larva_9,22.0
Larva_9,2.0
Larva_9,1.0
Larva_9,3.0
Larva_91,28.0
Larva_91,4.0
Larva_91,3.0
Larva_91,1.0
Larva_91,15.0
Larva_91,1.0
Larva_91,6.0
Larva_91,4.0
Larva_91,19.0
Larva_91,2.0
Larva_91,7.0
Larva_91,1.0
Larva_91,2.0
Larva_91,1.0
Larva_91,7.0
Larva_91,42.0
Larva_91,2.0
Larva_91,3.0
Larva_91,11.0
Larva_91,5.0
Larva_91,15.0
Larva_91,4.0
Larva_91,13.0
Larva_91,2.0
Larva_91,8.0
Larva_92,2.0
Larva_92,1.0
Larva_92,4.0
Larva_92,14.0
Larva_92,5.0
Larva_92,44.0
Larva_92,1.0
Larva_92,65.0
Larva_92,4.0
Larva_92,10.0
Larva_92,66.0
Larva_92,6.0
Larva_92,1.0
Larva_92,5.0
Larva_92,5.0
Larva_92,5.0
Larva_93,4.0
Larva_93,4.0
Larva_93,3.0
Larva_93,1.0
Larva_93,2.0
Larva_93,11.0
Larva_93,1.0
Larva_93,2.0
Larva_93,4.0
Larva_93,3.0
Larva_93,9.0
Larva_93,3.0
Larva_93,1.0
Larva_93,4.0
Larva_93,7.0
Larva_93,1.0
Larva_93,8.0
Larva_93,4.0
Larva_93,8.0
Larva_93,12.0
Larva_93,46.0
Larva_93,44.0
Larva_93,1.0
Larva_94,73.0
Larva_94,1.0
Larva_94,2.0
Larva_94,1.0
Larva_94,27.0
Larva_94,11.0
Larva_94,2.0
Larva_94,51.0
Larva_94,50.0
Larva_94,9.0
Larva_94,15.0
Larva_95,1.0
Larva_95,12.0
Larva_95,1.0
Larva_95,1.0
Larva_95,1.0
Larva_95,4.0
Larva_95,21.0
Larva_95,8.0
Larva_95,2.0
Larva_95,13.0
Larva_95,49.0
Larva_95,53.0
Larva_95,31.0
Larva_95,15.0
Larva_95,6.0
Larva_96,11.0
Larva_96,17.0
Larva_96,4.0
Larva_96,5.0
Larva_96,6.0
Larva_96,7.0
Larva_96,9.0
Larva_96,10.0
Larva_96,1.0
Larva_96,10.0
Larva_96,4.0
Larva_96,23.0
Larva_96,58.0
Larva_96,4.0
Larva_96,20.0
Larva_96,4.0
Larva_96,8.0
Larva_96,2.0
Larva_96,18.0
Larva_96,10.0
Larva_97,30.0
Larva_97,24.0
Larva_97,12.0
Larva_97,28.0
Larva_97,29.0
Larva_97,2.0
Larva_97,13.0
Larva_97,1.0
Larva_97,12.0
Larva_97,52.0
Larva_97,3.0
Larva_97,1.0
Larva_98,11.0
Larva_98,77.0
Larva_98,33.0
Larva_98,112.0
Larva_99,18.0
Larva_99,2.0
Larva_99,1.0
Larva_99,5.0
Larva_99,3.0
Larva_99,49.0
Larva_99,2.0
Larva_99,3.0
Larva_99,20.0
Larva_99,3.0
Larva_99,4.0
Larva_99,9.0
Larva_99,5.0
Larva_99,4.0
Larva_99,3.0
Larva_99,4.0
Larva_99,2.0
Larva_99,7.0
Larva_99,10.0
Larva_99,30.0
Larva_99,2.0
Larva_99,1.0
Larva_99,4.0
Larva_99,8.0
Larva_99,1.0
