shortcut,par,symbol,exp_symbol,unit,lim,collect
cum_t,cum_dur,${t}_{cum}$,${\hat{t}}_{cum}$,time $(sec)$,,
l_mu,length,$\bar{l}$,$\bar{\hat{l}}$,body length $(mm)$,,length_in_mm
str_rr,stride_reoccurence_rate,${str}_{rr}$,${\hat{str}}_{rr}$,-,,
l,length,l,$\hat{l}$,body length $(mm)$,,length_in_mm
f_am,amount_eaten,${m}_{feed}$,${\hat{m}}_{feed}$,mass $(mg)$,"[0.0, 1e-05]",amount_eaten
f_am_max,max_feed_amount,${m}_{feed}^{m}$,${\hat{m}}_{feed}^{m}$,mass $(mg)$,,
m,mass,m,$\hat{m}$,mass $(mg)$,,mass_in_mg
hunger,hunger,hunger,$\hat{hunger}$,hunger (-),"[0.0, 1.0]",hunger
reserve_density,reserve_density,reserve_density,$\hat{reserve_density}$,reserve density (-),"[0.0, 2.0]",reserve_density
puppation_buffer,puppation_buffer,puppation_buffer,$\hat{puppation_buffer}$,puppation buffer (-),"[0.0, 1.0]",puppation_buffer
deb_f,deb_f,${f}_{deb}$,${\hat{f}}_{deb}$,functional response (-),"[0.0, 2.0]",deb_f
deb_f_mu,deb_f_mean,${\bar{f}}_{deb}$,${\hat{\bar{f}}}_{deb}$,functional response (-),,
lar_N,Nlarvae,${N}_{larvae}$,${\hat{N}}_{larvae}$,# larvae,,
b,bend,$\theta_{b}$,$\hat{\theta}_{b}$,bend angle $(deg)$,"[-180, 180]",bend
bv,bend_vel,$\dot{\theta}_{b}$,$\dot{\hat{\theta}}_{b}$,bending velocity $(deg/sec)$,,
ba,bend_acc,$\ddot{\theta}_{b}$,$\ddot{\hat{\theta}}_{b}$,bending acceleration $(deg^2/sec)$,,
fo,front_orientation,$\theta_{or_{f}}$,$\hat{\theta}_{or_{f}}$,orientation angle $(deg)$,"[0, 360]",front_orientation
fov,front_orientation_vel,$\dot{\theta}_{or_{f}}$,$\dot{\hat{\theta}}_{or_{f}}$,orientation velocity $(deg/sec)$,"[-300, 300]",front_orientation_vel
foa,front_orientation_acc,$\ddot{\theta}_{or_{f}}$,$\ddot{\hat{\theta}}_{or_{f}}$,orientation acceleration $(deg^2/sec)$,,
ro,rear_orientation,$\theta_{or_{r}}$,$\hat{\theta}_{or_{r}}$,rear orientation angle $(deg)$,"[0, 360]",rear_orientation
rov,rear_orientation_vel,$\dot{\theta}_{or_{r}}$,$\dot{\hat{\theta}}_{or_{r}}$,rear orientation velocity $(deg/sec)$,"[-300, 300]",
roa,rear_orientation_acc,$\ddot{\theta}_{or_{r}}$,$\ddot{\hat{\theta}}_{or_{r}}$,rear orientation acceleration $(deg^2/sec)$,,
d,dst,d,$\hat{d}$,distance $(mm)$,,
ld,lin_dst,${d}_{l}$,${\hat{d}}_{l}$,distance $(mm)$,,
v,vel,v,$\hat{v}$,velocity $(mm/sec)$,,
a,acc,$\dot{v}$,$\dot{\hat{v}}$,acceleration $(mm/sec^2)$,,
lv,lin_vel,${v}_{l}$,${\hat{v}}_{l}$,velocity $(mm/sec)$,,
la,lin_acc,${\dot{v}}_{l}$,${\dot{\hat{v}}}_{l}$,acceleration $(mm/sec^2)$,,
cum_d,cum_dst,${d}_{cum}$,${\hat{d}}_{cum}$,pathlength $(mm)$,,cum_dst_in_mm
fv,vel_freq,${f}_{v}$,${\hat{f}}_{v}$,frequency $(Hz)$,,crawler_freq
sd,scaled_dst,${d}^{*}$,${\hat{d}}^{*}$,scaled distance $(-)$,,
sld,scaled_lin_dst,${d}_{l}^{*}$,${\hat{d}}_{l}^{*}$,scaled distance $(-)$,,
sv,scaled_vel,${v}^{*}$,${\hat{v}}^{*}$,scaled velocity $(sec^{-1})$,,
sa,scaled_acc,${\dot{v}}^{*}$,${\dot{\hat{v}}}^{*}$,scaled acceleration $(sec^{-2})$,,
slv,scaled_lin_vel,${v}_{l}^{*}$,${\hat{v}}_{l}^{*}$,scaled velocity $(sec^{-1})$,,
sla,scaled_lin_acc,${\dot{v}}_{l}^{*}$,${\dot{\hat{v}}}_{l}^{*}$,scaled acceleration $(sec^{-2})$,,
cum_sd,cum_scaled_dst,${d}_{cum}^{*}$,${\hat{d}}_{cum}^{*}$,scaled pathlength,,cum_scaled_dst
fsv,scaled_vel_freq,${f}_{v}^{*}$,${\hat{f}}_{v}^{*}$,frequency $(Hz)$,,
str_d,stride_dst,${d}_{str}$,${\hat{d}}_{str}$,distance $(mm)$,,
str_sd,scaled_stride_dst,${d}_{str}^{*}$,${\hat{d}}_{str}^{*}$,scaled distance $(-)$,,
str_std,stride_straight_dst,${d}_{str}^{st}$,${\hat{d}}_{str}^{st}$,distance $(mm)$,,
str_sstd,scaled_stride_straight_dst,${d}_{str}^{st*}$,${\hat{d}}_{str}^{st*}$,scaled distance $(-)$,,
str_t,stride_dur,${t}_{stride}$,${\hat{t}}_{stride}$,time $(sec)$,,
str_t_mu,stride_dur_mean,${\bar{t}}_{stride}$,${\bar{\hat{t}}}_{stride}$,time $(sec)$,,
str_t_std,stride_dur_std,${\~{t}}_{stride}$,${\~{\hat{t}}}_{stride}$,time $(sec)$,,
cum_str_t,cum_stride_dur,${t}_{stride}^{cum}$,${\hat{t}}_{stride}^{cum}$,time $(sec)$,,
str_t_max,stride_dur_max,${t}_{stride}^{m}$,${\hat{t}}_{stride}^{m}$,time $(sec)$,,
str0,stride_start,${t}_{stride}^{0}$,${\hat{t}}_{stride}^{0}$,time $(sec)$,,
str1,stride_stop,${t}_{stride}^{1}$,${\hat{t}}_{stride}^{1}$,time $(sec)$,,
str_l,stride_length,${stride}_{l}$,${\hat{stride}}_{l}$,counts $(#)$,,
str_id,stride_id,${stride}_{id}$,${\hat{stride}}_{id}$,counts $(#)$,,
str_tr,stride_dur_ratio,${r}_{stride}$,${\hat{r}}_{stride}$,% time crawling,,stride_dur_ratio
str_N,num_strides,${N}_{strides}$,${\hat{N}}_{strides}$,# strides,,num_strides
non_str_d,non_stride_dst,${d}_{non_str}$,${\hat{d}}_{non_str}$,distance $(mm)$,,
non_str_sd,scaled_non_stride_dst,${d}_{non_str}^{*}$,${\hat{d}}_{non_str}^{*}$,scaled distance $(-)$,,
non_str_std,non_stride_straight_dst,${d}_{non_str}^{st}$,${\hat{d}}_{non_str}^{st}$,distance $(mm)$,,
non_str_sstd,scaled_non_stride_straight_dst,${d}_{non_str}^{st*}$,${\hat{d}}_{non_str}^{st*}$,scaled distance $(-)$,,
non_str_t,non_stride_dur,${t}_{non_stride}$,${\hat{t}}_{non_stride}$,time $(sec)$,,
non_str_t_mu,non_stride_dur_mean,${\bar{t}}_{non_stride}$,${\bar{\hat{t}}}_{non_stride}$,time $(sec)$,,
non_str_t_std,non_stride_dur_std,${\~{t}}_{non_stride}$,${\~{\hat{t}}}_{non_stride}$,time $(sec)$,,
cum_non_str_t,cum_non_stride_dur,${t}_{non_stride}^{cum}$,${\hat{t}}_{non_stride}^{cum}$,time $(sec)$,,
non_str_t_max,non_stride_dur_max,${t}_{non_stride}^{m}$,${\hat{t}}_{non_stride}^{m}$,time $(sec)$,,
non_str0,non_stride_start,${t}_{non_stride}^{0}$,${\hat{t}}_{non_stride}^{0}$,time $(sec)$,,
non_str1,non_stride_stop,${t}_{non_stride}^{1}$,${\hat{t}}_{non_stride}^{1}$,time $(sec)$,,
non_str_l,non_stride_length,${non_stride}_{l}$,${\hat{non_stride}}_{l}$,counts $(#)$,,
non_str_id,non_stride_id,${non_stride}_{id}$,${\hat{non_stride}}_{id}$,counts $(#)$,,
non_str_tr,non_stride_dur_ratio,${r}_{non_stride}$,${\hat{r}}_{non_stride}$,% time not crawling,,
non_str_N,num_non_strides,${N}_{non_strides}$,${\hat{N}}_{non_strides}$,# non_strides,,
pau_d,pause_dst,${d}_{pau}$,${\hat{d}}_{pau}$,distance $(mm)$,,
pau_sd,scaled_pause_dst,${d}_{pau}^{*}$,${\hat{d}}_{pau}^{*}$,scaled distance $(-)$,,
pau_std,pause_straight_dst,${d}_{pau}^{st}$,${\hat{d}}_{pau}^{st}$,distance $(mm)$,,
pau_sstd,scaled_pause_straight_dst,${d}_{pau}^{st*}$,${\hat{d}}_{pau}^{st*}$,scaled distance $(-)$,,
pau_t,pause_dur,${t}_{pause}$,${\hat{t}}_{pause}$,time $(sec)$,,pause_dur
pau_t_mu,pause_dur_mean,${\bar{t}}_{pause}$,${\bar{\hat{t}}}_{pause}$,time $(sec)$,,
pau_t_std,pause_dur_std,${\~{t}}_{pause}$,${\~{\hat{t}}}_{pause}$,time $(sec)$,,
cum_pau_t,cum_pause_dur,${t}_{pause}^{cum}$,${\hat{t}}_{pause}^{cum}$,time $(sec)$,,cum_pause_dur
pau_t_max,pause_dur_max,${t}_{pause}^{m}$,${\hat{t}}_{pause}^{m}$,time $(sec)$,,
pau0,pause_start,${t}_{pause}^{0}$,${\hat{t}}_{pause}^{0}$,time $(sec)$,,pause_start
pau1,pause_stop,${t}_{pause}^{1}$,${\hat{t}}_{pause}^{1}$,time $(sec)$,,pause_stop
pau_l,pause_length,${pause}_{l}$,${\hat{pause}}_{l}$,counts $(#)$,,
pau_id,pause_id,${pause}_{id}$,${\hat{pause}}_{id}$,counts $(#)$,,pause_id
pau_tr,pause_dur_ratio,${r}_{pause}$,${\hat{r}}_{pause}$,% time pausing,,pause_dur_ratio
pau_N,num_pauses,${N}_{pauses}$,${\hat{N}}_{pauses}$,# pauses,,num_pauses
tur_d,turn_dst,${d}_{tur}$,${\hat{d}}_{tur}$,distance $(mm)$,,
tur_sd,scaled_turn_dst,${d}_{tur}^{*}$,${\hat{d}}_{tur}^{*}$,scaled distance $(-)$,,
tur_std,turn_straight_dst,${d}_{tur}^{st}$,${\hat{d}}_{tur}^{st}$,distance $(mm)$,,
tur_sstd,scaled_turn_straight_dst,${d}_{tur}^{st*}$,${\hat{d}}_{tur}^{st*}$,scaled distance $(-)$,,
tur_t,turn_dur,${t}_{turn}$,${\hat{t}}_{turn}$,time $(sec)$,,
tur_t_mu,turn_dur_mean,${\bar{t}}_{turn}$,${\bar{\hat{t}}}_{turn}$,time $(sec)$,,
tur_t_std,turn_dur_std,${\~{t}}_{turn}$,${\~{\hat{t}}}_{turn}$,time $(sec)$,,
cum_tur_t,cum_turn_dur,${t}_{turn}^{cum}$,${\hat{t}}_{turn}^{cum}$,time $(sec)$,,
tur_t_max,turn_dur_max,${t}_{turn}^{m}$,${\hat{t}}_{turn}^{m}$,time $(sec)$,,
tur0,turn_start,${t}_{turn}^{0}$,${\hat{t}}_{turn}^{0}$,time $(sec)$,,
tur1,turn_stop,${t}_{turn}^{1}$,${\hat{t}}_{turn}^{1}$,time $(sec)$,,
tur_l,turn_length,${turn}_{l}$,${\hat{turn}}_{l}$,counts $(#)$,,
tur_id,turn_id,${turn}_{id}$,${\hat{turn}}_{id}$,counts $(#)$,,
tur_tr,turn_dur_ratio,${r}_{turn}$,${\hat{r}}_{turn}$,% time turning,,
tur_N,num_turns,${N}_{turns}$,${\hat{N}}_{turns}$,# turns,,
Ltur_d,Lturn_dst,${d}_{Ltur}$,${\hat{d}}_{Ltur}$,distance $(mm)$,,
Ltur_sd,scaled_Lturn_dst,${d}_{Ltur}^{*}$,${\hat{d}}_{Ltur}^{*}$,scaled distance $(-)$,,
Ltur_std,Lturn_straight_dst,${d}_{Ltur}^{st}$,${\hat{d}}_{Ltur}^{st}$,distance $(mm)$,,
Ltur_sstd,scaled_Lturn_straight_dst,${d}_{Ltur}^{st*}$,${\hat{d}}_{Ltur}^{st*}$,scaled distance $(-)$,,
Ltur_t,Lturn_dur,${t}_{Lturn}$,${\hat{t}}_{Lturn}$,time $(sec)$,,
Ltur_t_mu,Lturn_dur_mean,${\bar{t}}_{Lturn}$,${\bar{\hat{t}}}_{Lturn}$,time $(sec)$,,
Ltur_t_std,Lturn_dur_std,${\~{t}}_{Lturn}$,${\~{\hat{t}}}_{Lturn}$,time $(sec)$,,
cum_Ltur_t,cum_Lturn_dur,${t}_{Lturn}^{cum}$,${\hat{t}}_{Lturn}^{cum}$,time $(sec)$,,
Ltur_t_max,Lturn_dur_max,${t}_{Lturn}^{m}$,${\hat{t}}_{Lturn}^{m}$,time $(sec)$,,
Ltur0,Lturn_start,${t}_{Lturn}^{0}$,${\hat{t}}_{Lturn}^{0}$,time $(sec)$,,
Ltur1,Lturn_stop,${t}_{Lturn}^{1}$,${\hat{t}}_{Lturn}^{1}$,time $(sec)$,,
Ltur_l,Lturn_length,${Lturn}_{l}$,${\hat{Lturn}}_{l}$,counts $(#)$,,
Ltur_id,Lturn_id,${Lturn}_{id}$,${\hat{Lturn}}_{id}$,counts $(#)$,,
Ltur_tr,Lturn_dur_ratio,${r}_{Lturn}$,${\hat{r}}_{Lturn}$,% time turning left,,
Ltur_N,num_Lturns,${N}_{Lturns}$,${\hat{N}}_{Lturns}$,# Lturns,,
Rtur_d,Rturn_dst,${d}_{Rtur}$,${\hat{d}}_{Rtur}$,distance $(mm)$,,
Rtur_sd,scaled_Rturn_dst,${d}_{Rtur}^{*}$,${\hat{d}}_{Rtur}^{*}$,scaled distance $(-)$,,
Rtur_std,Rturn_straight_dst,${d}_{Rtur}^{st}$,${\hat{d}}_{Rtur}^{st}$,distance $(mm)$,,
Rtur_sstd,scaled_Rturn_straight_dst,${d}_{Rtur}^{st*}$,${\hat{d}}_{Rtur}^{st*}$,scaled distance $(-)$,,
Rtur_t,Rturn_dur,${t}_{Rturn}$,${\hat{t}}_{Rturn}$,time $(sec)$,,
Rtur_t_mu,Rturn_dur_mean,${\bar{t}}_{Rturn}$,${\bar{\hat{t}}}_{Rturn}$,time $(sec)$,,
Rtur_t_std,Rturn_dur_std,${\~{t}}_{Rturn}$,${\~{\hat{t}}}_{Rturn}$,time $(sec)$,,
cum_Rtur_t,cum_Rturn_dur,${t}_{Rturn}^{cum}$,${\hat{t}}_{Rturn}^{cum}$,time $(sec)$,,
Rtur_t_max,Rturn_dur_max,${t}_{Rturn}^{m}$,${\hat{t}}_{Rturn}^{m}$,time $(sec)$,,
Rtur0,Rturn_start,${t}_{Rturn}^{0}$,${\hat{t}}_{Rturn}^{0}$,time $(sec)$,,
Rtur1,Rturn_stop,${t}_{Rturn}^{1}$,${\hat{t}}_{Rturn}^{1}$,time $(sec)$,,
Rtur_l,Rturn_length,${Rturn}_{l}$,${\hat{Rturn}}_{l}$,counts $(#)$,,
Rtur_id,Rturn_id,${Rturn}_{id}$,${\hat{Rturn}}_{id}$,counts $(#)$,,
Rtur_tr,Rturn_dur_ratio,${r}_{Rturn}$,${\hat{r}}_{Rturn}$,% time turning right,,
Rtur_N,num_Rturns,${N}_{Rturns}$,${\hat{N}}_{Rturns}$,# Rturns,,
fee_d,feed_dst,${d}_{fee}$,${\hat{d}}_{fee}$,distance $(mm)$,,
fee_sd,scaled_feed_dst,${d}_{fee}^{*}$,${\hat{d}}_{fee}^{*}$,scaled distance $(-)$,,
fee_std,feed_straight_dst,${d}_{fee}^{st}$,${\hat{d}}_{fee}^{st}$,distance $(mm)$,,
fee_sstd,scaled_feed_straight_dst,${d}_{fee}^{st*}$,${\hat{d}}_{fee}^{st*}$,scaled distance $(-)$,,
fee_t,feed_dur,${t}_{feed}$,${\hat{t}}_{feed}$,time $(sec)$,,
fee_t_mu,feed_dur_mean,${\bar{t}}_{feed}$,${\bar{\hat{t}}}_{feed}$,time $(sec)$,,
fee_t_std,feed_dur_std,${\~{t}}_{feed}$,${\~{\hat{t}}}_{feed}$,time $(sec)$,,
cum_fee_t,cum_feed_dur,${t}_{feed}^{cum}$,${\hat{t}}_{feed}^{cum}$,time $(sec)$,,
fee_t_max,feed_dur_max,${t}_{feed}^{m}$,${\hat{t}}_{feed}^{m}$,time $(sec)$,,
fee0,feed_start,${t}_{feed}^{0}$,${\hat{t}}_{feed}^{0}$,time $(sec)$,,
fee1,feed_stop,${t}_{feed}^{1}$,${\hat{t}}_{feed}^{1}$,time $(sec)$,,
fee_l,feed_length,${feed}_{l}$,${\hat{feed}}_{l}$,counts $(#)$,,
fee_id,feed_id,${feed}_{id}$,${\hat{feed}}_{id}$,counts $(#)$,,
fee_tr,feed_dur_ratio,${r}_{feed}$,${\hat{r}}_{feed}$,% time feeding,,feed_dur_ratio
fee_N,num_feeds,${N}_{feeds}$,${\hat{N}}_{feeds}$,# feeds,,num_feeds
chn_d,stridechain_dst,${d}_{chn}$,${\hat{d}}_{chn}$,distance $(mm)$,,
chn_sd,scaled_stridechain_dst,${d}_{chn}^{*}$,${\hat{d}}_{chn}^{*}$,scaled distance $(-)$,,
chn_std,stridechain_straight_dst,${d}_{chn}^{st}$,${\hat{d}}_{chn}^{st}$,distance $(mm)$,,
chn_sstd,scaled_stridechain_straight_dst,${d}_{chn}^{st*}$,${\hat{d}}_{chn}^{st*}$,scaled distance $(-)$,,
chn_t,stridechain_dur,${t}_{stridechain}$,${\hat{t}}_{stridechain}$,time $(sec)$,,stridechain_dur
chn_t_mu,stridechain_dur_mean,${\bar{t}}_{stridechain}$,${\bar{\hat{t}}}_{stridechain}$,time $(sec)$,,
chn_t_std,stridechain_dur_std,${\~{t}}_{stridechain}$,${\~{\hat{t}}}_{stridechain}$,time $(sec)$,,
cum_chn_t,cum_stridechain_dur,${t}_{stridechain}^{cum}$,${\hat{t}}_{stridechain}^{cum}$,time $(sec)$,,cum_stridechain_dur
chn_t_max,stridechain_dur_max,${t}_{stridechain}^{m}$,${\hat{t}}_{stridechain}^{m}$,time $(sec)$,,
chn0,stridechain_start,${t}_{stridechain}^{0}$,${\hat{t}}_{stridechain}^{0}$,time $(sec)$,,stridechain_start
chn1,stridechain_stop,${t}_{stridechain}^{1}$,${\hat{t}}_{stridechain}^{1}$,time $(sec)$,,stridechain_stop
chn_l,stridechain_length,${stridechain}_{l}$,${\hat{stridechain}}_{l}$,counts $(#)$,,stridechain_length
chn_id,stridechain_id,${stridechain}_{id}$,${\hat{stridechain}}_{id}$,counts $(#)$,,stridechain_id
chn_tr,stridechain_dur_ratio,${r}_{stridechain}$,${\hat{r}}_{stridechain}$,time ratio $(-)$,,stridechain_dur_ratio
chn_N,num_stridechains,${N}_{stridechains}$,${\hat{N}}_{stridechains}$,# stridechains,,num_stridechains
str_d_mu,stride_dst_mean,$\bar{{d}_{str}}$,$\bar{{\hat{d}}_{str}}$,distance $(mm)$,,stride_dst_mean_in_mm
str_d_std,stride_dst_std,$\~{{d}_{str}}$,$\~{{\hat{d}}_{str}}$,distance $(mm)$,,
str_sd_mu,scaled_stride_dst_mean,$\bar{{d}_{str}^{*}}$,$\bar{{\hat{d}}_{str}^{*}}$,scaled distance $(-)$,,
str_sd_std,scaled_stride_dst_std,$\~{{d}_{str}^{*}}$,$\~{{\hat{d}}_{str}^{*}}$,scaled distance $(-)$,,
str_std_mu,stride_straight_dst_mean,$\bar{{d}_{str}^{st}}$,$\bar{{\hat{d}}_{str}^{st}}$,distance $(mm)$,,
str_std_std,stride_straight_dst_std,$\~{{d}_{str}^{st}}$,$\~{{\hat{d}}_{str}^{st}}$,distance $(mm)$,,
str_sstd_mu,scaled_stride_straight_dst_mean,$\bar{{d}_{str}^{st*}}$,$\bar{{\hat{d}}_{str}^{st*}}$,scaled distance $(-)$,,
str_sstd_std,scaled_stride_straight_dst_std,$\~{{d}_{str}^{st*}}$,$\~{{\hat{d}}_{str}^{st*}}$,scaled distance $(-)$,,
disp,dispersion,disp,$\hat{disp}$,distance $(mm)$,,dispersion_in_mm
sdisp,scaled_dispersion,${disp}^{*}$,${\hat{disp}}^{*}$,scaled distance $(-)$,,scaled_dispersion
disp_mu,dispersion_mean,$\bar{disp}$,$\bar{\hat{disp}}$,distance $(mm)$,,
sdisp_mu,scaled_dispersion_mean,${\bar{disp}}^{*}$,${\bar{\hat{disp}}}^{*}$,scaled distance $(-)$,,
disp_max,dispersion_max,${disp}_{max}$,${\hat{disp}}_{max}$,distance $(mm)$,,dispersion_max_in_mm
sdisp_max,scaled_dispersion_max,${disp}_{max}^{*}$,${\hat{disp}}_{max}^{*}$,scaled distance $(-)$,,scaled_dispersion_max
disp_fin,final_dispersion,${disp}_{fin}$,${\hat{disp}}_{fin}$,distance $(mm)$,,dispersion_in_mm
sdisp_fin,scaled_final_dispersion,${disp}_{fin}^{*}$,${\hat{disp}}_{fin}^{*}$,scaled distance $(-)$,,
disp40,40sec_dispersion,${disp}^{40}$,${\hat{disp}}^{40}$,distance $(mm)$,,
sdisp40,scaled_40sec_dispersion,${{disp}^{40}}^{*}$,${{\hat{disp}}^{40}}^{*}$,scaled distance $(-)$,,
disp40_mu,40sec_dispersion_mean,$\bar{{disp}^{40}}$,$\bar{{\hat{disp}}^{40}}$,distance $(mm)$,,
sdisp40_mu,scaled_40sec_dispersion_mean,${\bar{{disp}^{40}}}^{*}$,${\bar{{\hat{disp}}^{40}}}^{*}$,scaled distance $(-)$,,
disp40_max,40sec_dispersion_max,${{disp}^{40}}_{max}$,${{\hat{disp}}^{40}}_{max}$,distance $(mm)$,,
sdisp40_max,scaled_40sec_dispersion_max,${{disp}^{40}}_{max}^{*}$,${{\hat{disp}}^{40}}_{max}^{*}$,scaled distance $(-)$,,
disp40_fin,final_40sec_dispersion,${{disp}^{40}}_{fin}$,${{\hat{disp}}^{40}}_{fin}$,distance $(mm)$,,
sdisp40_fin,scaled_final_40sec_dispersion,${{disp}^{40}}_{fin}^{*}$,${{\hat{disp}}^{40}}_{fin}^{*}$,scaled distance $(-)$,,
tor2_mu,tortuosity_2_mean,$\bar{{tor}^{2}}$,$\bar{{\hat{tor}}^{2}}$,-,,
tor2_std,tortuosity_2_std,$\~{{tor}^{2}}$,$\~{{\hat{tor}}^{2}}$,-,,
tor5_mu,tortuosity_5_mean,$\bar{{tor}^{5}}$,$\bar{{\hat{tor}}^{5}}$,-,,
tor5_std,tortuosity_5_std,$\~{{tor}^{5}}$,$\~{{\hat{tor}}^{5}}$,-,,
tor10_mu,tortuosity_10_mean,$\bar{{tor}^{10}}$,$\bar{{\hat{tor}}^{10}}$,-,,
tor10_std,tortuosity_10_std,$\~{{tor}^{10}}$,$\~{{\hat{tor}}^{10}}$,-,,
tor20_mu,tortuosity_20_mean,$\bar{{tor}^{20}}$,$\bar{{\hat{tor}}^{20}}$,-,,
tor20_std,tortuosity_20_std,$\~{{tor}^{20}}$,$\~{{\hat{tor}}^{20}}$,-,,
tor,tortuosity,tor,$\hat{tor}$,-,,
tur_fo,turn_front_orientation_unwrapped,$\theta_{turn}$,$\hat{\theta}_{turn}$,$\Delta\theta_{or}$ over turns $(deg)$,,
Ltur_fo,Lturn_front_orientation_unwrapped,$\theta_{Lturn}$,$\hat{\theta}_{Lturn}$,angle $(deg)$,,
Rtur_fo,Rturn_front_orientation_unwrapped,$\theta_{Rturn}$,$\hat{\theta}_{Rturn}$,angle $(deg)$,,
str_fo,stride_front_orientation_unwrapped,$\Delta{\theta}_{or_{f}}$,$\Delta{\hat{\theta}}_{or_{f}}$,$\Delta\theta_{or}$ over strides $(deg)$,,
str_ro,stride_rear_orientation_unwrapped,$\Delta{\theta}_{or_{r}}$,$\Delta{\hat{\theta}}_{or_{r}}$,$\Delta\theta_{or_{r}}$ over strides $(deg)$,,
str_b,stride_bend,$\Delta{\theta}_{b}$,$\Delta{\hat{\theta}}_{b}$,angle $(deg)$,,
d_mu,dst_mean,$\bar{d}$,$\bar{\hat{d}}$,distance $(mm)$,,
d_std,dst_std,$\~{d}$,$\~{\hat{d}}$,distance $(mm)$,,
ld_mu,lin_dst_mean,$\bar{{d}_{l}}$,$\bar{{\hat{d}}_{l}}$,distance $(mm)$,,
ld_std,lin_dst_std,$\~{{d}_{l}}$,$\~{{\hat{d}}_{l}}$,distance $(mm)$,,
v_mu,vel_mean,$\bar{v}$,$\bar{\hat{v}}$,velocity $(mm/sec)$,,
v_std,vel_std,$\~{v}$,$\~{\hat{v}}$,velocity $(mm/sec)$,,
a_mu,acc_mean,$\bar{\dot{v}}$,$\bar{\dot{\hat{v}}}$,acceleration $(mm/sec^2)$,,
a_std,acc_std,$\~{\dot{v}}$,$\~{\dot{\hat{v}}}$,acceleration $(mm/sec^2)$,,
lv_mu,lin_vel_mean,$\bar{{v}_{l}}$,$\bar{{\hat{v}}_{l}}$,velocity $(mm/sec)$,,
lv_std,lin_vel_std,$\~{{v}_{l}}$,$\~{{\hat{v}}_{l}}$,velocity $(mm/sec)$,,
la_mu,lin_acc_mean,$\bar{{\dot{v}}_{l}}$,$\bar{{\dot{\hat{v}}}_{l}}$,acceleration $(mm/sec^2)$,,
la_std,lin_acc_std,$\~{{\dot{v}}_{l}}$,$\~{{\dot{\hat{v}}}_{l}}$,acceleration $(mm/sec^2)$,,
cum_d_mu,cum_dst_mean,$\bar{{d}_{cum}}$,$\bar{{\hat{d}}_{cum}}$,distance $(mm)$,,
cum_d_std,cum_dst_std,$\~{{d}_{cum}}$,$\~{{\hat{d}}_{cum}}$,distance $(mm)$,,
sd_mu,scaled_dst_mean,$\bar{d}^{*}$,$\bar{\hat{d}}^{*}$,scaled distance $(-)$,,
sd_std,scaled_dst_std,$\~{d}^{*}$,$\~{\hat{d}}^{*}$,scaled distance $(-)$,,
sld_mu,scaled_lin_dst_mean,$\bar{{d}_{l}}^{*}$,$\bar{{\hat{d}}_{l}}^{*}$,scaled distance $(-)$,,
sld_std,scaled_lin_dst_std,$\~{{d}_{l}}^{*}$,$\~{{\hat{d}}_{l}}^{*}$,scaled distance $(-)$,,
sv_mu,scaled_vel_mean,$\bar{v}^{*}$,$\bar{\hat{v}}^{*}$,scaled velocity $(sec^{-1})$,,
sv_std,scaled_vel_std,$\~{v}^{*}$,$\~{\hat{v}}^{*}$,scaled velocity $(sec^{-1})$,,
sa_mu,scaled_acc_mean,$\bar{\dot{v}}^{*}$,$\bar{\dot{\hat{v}}}^{*}$,scaled acceleration $(sec^{-2})$,,
sa_std,scaled_acc_std,$\~{\dot{v}}^{*}$,$\~{\dot{\hat{v}}}^{*}$,scaled acceleration $(sec^{-2})$,,
slv_mu,scaled_lin_vel_mean,$\bar{{v}_{l}}^{*}$,$\bar{{\hat{v}}_{l}}^{*}$,scaled velocity $(sec^{-1})$,,
slv_std,scaled_lin_vel_std,$\~{{v}_{l}}^{*}$,$\~{{\hat{v}}_{l}}^{*}$,scaled velocity $(sec^{-1})$,,
sla_mu,scaled_lin_acc_mean,$\bar{{\dot{v}}_{l}}^{*}$,$\bar{{\dot{\hat{v}}}_{l}}^{*}$,scaled acceleration $(sec^{-2})$,,
sla_std,scaled_lin_acc_std,$\~{{\dot{v}}_{l}}^{*}$,$\~{{\dot{\hat{v}}}_{l}}^{*}$,scaled acceleration $(sec^{-2})$,,
scum_d_mu,scaled_cum_dst_mean,$\bar{{d}_{cum}}^{*}$,$\bar{{\hat{d}}_{cum}}^{*}$,scaled distance $(-)$,,
scum_d_std,scaled_cum_dst_std,$\~{{d}_{cum}}^{*}$,$\~{{\hat{d}}_{cum}}^{*}$,scaled distance $(-)$,,
str_sld_mu,stride_scaled_lin_dst_mean,${\bar{{d}_{l}^{*}}}_{str}$,${\bar{{\hat{d}}_{l}^{*}}}_{str}$,scaled distance $(-)$,,
str_sld_std,stride_scaled_lin_dst_std,${\~{{d}_{l}^{*}}}_{str}$,${\~{{\hat{d}}_{l}^{*}}}_{str}$,scaled distance $(-)$,,
str_sv_mu,stride_scaled_vel_mean,${\bar{{v}^{*}}}_{str}$,${\bar{{\hat{v}}^{*}}}_{str}$,scaled velocity $(sec^{-1})$,,
str_sv_std,stride_scaled_vel_std,${\~{{v}^{*}}}_{str}$,${\~{{\hat{v}}^{*}}}_{str}$,scaled velocity $(sec^{-1})$,,
str_sa_mu,stride_scaled_acc_mean,${\bar{{\dot{v}}^{*}}}_{str}$,${\bar{{\dot{\hat{v}}}^{*}}}_{str}$,scaled acceleration $(sec^{-2})$,,
str_sa_std,stride_scaled_acc_std,${\~{{\dot{v}}^{*}}}_{str}$,${\~{{\dot{\hat{v}}}^{*}}}_{str}$,scaled acceleration $(sec^{-2})$,,
str_slv_mu,stride_scaled_lin_vel_mean,${\bar{{v}_{l}^{*}}}_{str}$,${\bar{{\hat{v}}_{l}^{*}}}_{str}$,scaled velocity $(sec^{-1})$,,
str_slv_std,stride_scaled_lin_vel_std,${\~{{v}_{l}^{*}}}_{str}$,${\~{{\hat{v}}_{l}^{*}}}_{str}$,scaled velocity $(sec^{-1})$,,
str_sla_mu,stride_scaled_lin_acc_mean,${\bar{{\dot{v}}_{l}^{*}}}_{str}$,${\bar{{\dot{\hat{v}}}_{l}^{*}}}_{str}$,scaled acceleration $(sec^{-2})$,,
str_sla_std,stride_scaled_lin_acc_std,${\~{{\dot{v}}_{l}^{*}}}_{str}$,${\~{{\dot{\hat{v}}}_{l}^{*}}}_{str}$,scaled acceleration $(sec^{-2})$,,
str_cum_sd_mu,stride_cum_scaled_dst_mean,${\bar{{d}_{cum}^{*}}}_{str}$,${\bar{{\hat{d}}_{cum}^{*}}}_{str}$,scaled distance $(-)$,,
str_cum_sd_std,stride_cum_scaled_dst_std,${\~{{d}_{cum}^{*}}}_{str}$,${\~{{\hat{d}}_{cum}^{*}}}_{str}$,scaled distance $(-)$,,
str_fsv_mu,stride_scaled_vel_freq_mean,${\bar{{f}_{v}^{*}}}_{str}$,${\bar{{\hat{f}}_{v}^{*}}}_{str}$,frequency $(Hz)$,,
str_fsv_std,stride_scaled_vel_freq_std,${\~{{f}_{v}^{*}}}_{str}$,${\~{{\hat{f}}_{v}^{*}}}_{str}$,frequency $(Hz)$,,
str_scum_d_mu,stride_scaled_cum_dst_mean,${\bar{{d}_{cum}}^{*}}_{str}$,${\bar{{\hat{d}}_{cum}}^{*}}_{str}$,scaled distance $(-)$,,
str_scum_d_std,stride_scaled_cum_dst_std,${\~{{d}_{cum}}^{*}}_{str}$,${\~{{\hat{d}}_{cum}}^{*}}_{str}$,scaled distance $(-)$,,
b_mu,bend_mean,$\bar{\theta_{b}}$,$\bar{\hat{\theta}_{b}}$,angle $(deg)$,,
b_std,bend_std,$\~{\theta_{b}}$,$\~{\hat{\theta}_{b}}$,angle $(deg)$,,
bv_mu,bend_vel_mean,$\bar{\dot{\theta}_{b}}$,$\bar{\dot{\hat{\theta}}_{b}}$,angular velocity $(deg/sec)$,,
bv_std,bend_vel_std,$\~{\dot{\theta}_{b}}$,$\~{\dot{\hat{\theta}}_{b}}$,angular velocity $(deg/sec)$,,
ba_mu,bend_acc_mean,$\bar{\ddot{\theta}_{b}}$,$\bar{\ddot{\hat{\theta}}_{b}}$,"angular acceleration, $(deg^2/sec)$",,
ba_std,bend_acc_std,$\~{\ddot{\theta}_{b}}$,$\~{\ddot{\hat{\theta}}_{b}}$,"angular acceleration, $(deg^2/sec)$",,
fo_mu,front_orientation_mean,$\bar{\theta_{or_{f}}}$,$\bar{\hat{\theta}_{or_{f}}}$,angle $(deg)$,,
fo_std,front_orientation_std,$\~{\theta_{or_{f}}}$,$\~{\hat{\theta}_{or_{f}}}$,angle $(deg)$,,
fov_mu,front_orientation_vel_mean,$\bar{\dot{\theta}_{or_{f}}}$,$\bar{\dot{\hat{\theta}}_{or_{f}}}$,angular velocity $(deg/sec)$,,
fov_std,front_orientation_vel_std,$\~{\dot{\theta}_{or_{f}}}$,$\~{\dot{\hat{\theta}}_{or_{f}}}$,angular velocity $(deg/sec)$,,
foa_mu,front_orientation_acc_mean,$\bar{\ddot{\theta}_{or_{f}}}$,$\bar{\ddot{\hat{\theta}}_{or_{f}}}$,"angular acceleration, $(deg^2/sec)$",,
foa_std,front_orientation_acc_std,$\~{\ddot{\theta}_{or_{f}}}$,$\~{\ddot{\hat{\theta}}_{or_{f}}}$,"angular acceleration, $(deg^2/sec)$",,
ro_mu,rear_orientation_mean,$\bar{\theta_{or_{r}}}$,$\bar{\hat{\theta}_{or_{r}}}$,angle $(deg)$,,
ro_std,rear_orientation_std,$\~{\theta_{or_{r}}}$,$\~{\hat{\theta}_{or_{r}}}$,angle $(deg)$,,
rov_mu,rear_orientation_vel_mean,$\bar{\dot{\theta}_{or_{r}}}$,$\bar{\dot{\hat{\theta}}_{or_{r}}}$,angular velocity $(deg/sec)$,,
rov_std,rear_orientation_vel_std,$\~{\dot{\theta}_{or_{r}}}$,$\~{\dot{\hat{\theta}}_{or_{r}}}$,angular velocity $(deg/sec)$,,
roa_mu,rear_orientation_acc_mean,$\bar{\ddot{\theta}_{or_{r}}}$,$\bar{\ddot{\hat{\theta}}_{or_{r}}}$,"angular acceleration, $(deg^2/sec)$",,
roa_std,rear_orientation_acc_std,$\~{\ddot{\theta}_{or_{r}}}$,$\~{\ddot{\hat{\theta}}_{or_{r}}}$,"angular acceleration, $(deg^2/sec)$",,
tur_fo_mu,turn_front_orientation_unwrapped_mean,$\bar{\theta_{turn}}$,$\bar{\hat{\theta}_{turn}}$,angle $(deg)$,,
tur_fo_std,turn_front_orientation_unwrapped_std,$\~{\theta_{turn}}$,$\~{\hat{\theta}_{turn}}$,angle $(deg)$,,
Ltur_fo_mu,Lturn_front_orientation_unwrapped_mean,$\bar{\theta_{Lturn}}$,$\bar{\hat{\theta}_{Lturn}}$,angle $(deg)$,,
Ltur_fo_std,Lturn_front_orientation_unwrapped_std,$\~{\theta_{Lturn}}$,$\~{\hat{\theta}_{Lturn}}$,angle $(deg)$,,
Rtur_fo_mu,Rturn_front_orientation_unwrapped_mean,$\bar{\theta_{Rturn}}$,$\bar{\hat{\theta}_{Rturn}}$,angle $(deg)$,,
Rtur_fo_std,Rturn_front_orientation_unwrapped_std,$\~{\theta_{Rturn}}$,$\~{\hat{\theta}_{Rturn}}$,angle $(deg)$,,
str_fo_mu,stride_front_orientation_unwrapped_mean,$\bar{\Delta{\theta}_{or_{f}}}$,$\bar{\Delta{\hat{\theta}}_{or_{f}}}$,angle $(deg)$,,
str_fo_std,stride_front_orientation_unwrapped_std,$\~{\Delta{\theta}_{or_{f}}}$,$\~{\Delta{\hat{\theta}}_{or_{f}}}$,angle $(deg)$,,
str_ro_mu,stride_rear_orientation_unwrapped_mean,$\bar{\Delta{\theta}_{or_{r}}}$,$\bar{\Delta{\hat{\theta}}_{or_{r}}}$,angle $(deg)$,,
str_ro_std,stride_rear_orientation_unwrapped_std,$\~{\Delta{\theta}_{or_{r}}}$,$\~{\Delta{\hat{\theta}}_{or_{r}}}$,angle $(deg)$,,
str_b_mu,stride_bend_mean,$\bar{\Delta{\theta}_{b}}$,$\bar{\Delta{\hat{\theta}}_{b}}$,angle $(deg)$,,
str_b_std,stride_bend_std,$\~{\Delta{\theta}_{b}}$,$\~{\Delta{\hat{\theta}}_{b}}$,angle $(deg)$,,
cum_sd_mu,cum_scaled_dst_mean,$\bar{{d}_{cum}^{*}}$,$\bar{{\hat{d}}_{cum}^{*}}$,scaled distance $(-)$,,
cum_sd_std,cum_scaled_dst_std,$\~{{d}_{cum}^{*}}$,$\~{{\hat{d}}_{cum}^{*}}$,scaled distance $(-)$,,
fsv_mu,scaled_vel_freq_mean,$\bar{{f}_{v}^{*}}$,$\bar{{\hat{f}}_{v}^{*}}$,frequency $(Hz)$,,
fsv_std,scaled_vel_freq_std,$\~{{f}_{v}^{*}}$,$\~{{\hat{f}}_{v}^{*}}$,frequency $(Hz)$,,
sf_am,scaled_amount_eaten,${m^{*}}_{feed}$,${\hat{m^{*}}}_{feed}$,food intake as % larval mass,,scaled_amount_eaten
c_odor1,first_odor_concentration,${C}_{odor_{1}}$,${\hat{C}_{odor_{1}}$,"Concentration C(t), $\mu$M","[0.0, 2.0]",first_odor_concentration
dc_odor1,first_odor_concentration_change,$\delta{C}_{odor_{1}}$,$\delta{\hat{C}_{odor_{1}}$,"Concentration change dC(t), $-$","[-0.03, 0.03]",first_odor_concentration_change
A_olf,olfactory_activation,$A_{olf}$,$\hat{A}_{olf}$,Olfactory activation,"[-1.0, 1.0]",olfactory_activation
A_tur,turner_activation,$A_{tur}$,$\hat{A}_{tur}$,Turner activation,"[10.0, 40.0]",turner_activation
Act_tur,turner_activity,$Act_{tur}$,$\hat{Act}_{tur}$,Turner activity,"[-20.0, 20.0]",ang_activity
