,p,u,k,s,o,lim,d,l,exists,func,const,fraction,operator,k0,k_num,k_den,dst2source,or2source,dispersion,wrap_mode
x0,x0,1m,x0,${x}_{0}$,<class 'lib.model.agents._agent.Larva'>,,x0,"x0,  ${x}_{0}$$(m)$",True,,,False,,,,,,,False,
y0,y0,1m,y0,${y}_{0}$,<class 'lib.model.agents._agent.Larva'>,,y0,"y0,  ${y}_{0}$$(m)$",True,,,False,,,,,,,False,
dt,dt,1s,dt,dt,<class 'lib.model.agents._agent.Larva'>,,dt,"dt,  dt$(s)$",True,,,False,,,,,,,False,
l,real_length,1m,l,l,<class 'lib.model.agents._agent.Larva'>,,length,"length,  l$(m)$",True,,,False,,,,,,,False,
L,L,0.01m,L,L,<class 'lib.model.DEB.deb.DEB'>,,structural length,"structural length,  L$(m)$",True,,,False,,,,,,,False,
Lw,Lw,0.01m,Lw,${L}_{w}$,<class 'lib.model.DEB.deb.DEB'>,,physical length,"physical length,  ${L}_{w}$$(m)$",True,,,False,,,,,,,False,
V,V,1.0000000000000002e-06m³,V,V,<class 'lib.model.DEB.deb.DEB'>,,structural volume,"structural volume,  V$(m³)$",True,,,False,,,,,,,False,
Ww,Ww,0.001kg,Ww,${W}_{w}$,<class 'lib.model.DEB.deb.DEB'>,,wet weight,"wet weight,  ${W}_{w}$$(kg)$",True,,,False,,,,,,,False,
age,age,86400s,age,age,<class 'lib.model.DEB.deb.DEB'>,,age,"age,  age$(s)$",True,,,False,,,,,,,False,
H,hunger,1,H,H,<class 'lib.model.DEB.deb.DEB'>,,hunger drive,"hunger drive,  H$()$",True,,,False,,,,,,,False,
E,E,1J,E,E,<class 'lib.model.DEB.deb.DEB'>,,reserve energy,"reserve energy,  E$(J)$",True,,,False,,,,,,,False,
E_H,E_H,1J,E_H,${E}_{H}$,<class 'lib.model.DEB.deb.DEB'>,,maturity energy,"maturity energy,  ${E}_{H}$$(J)$",True,,,False,,,,,,,False,
E_R,E_R,1J,E_R,${E}_{R}$,<class 'lib.model.DEB.deb.DEB'>,,reproduction buffer,"reproduction buffer,  ${E}_{R}$$(J)$",True,,,False,,,,,,,False,
deb_p_A,deb_p_A,1J,deb_p_A,${p}_{A}^{deb}$,<class 'lib.model.DEB.deb.DEB'>,,assimilation energy (model),"assimilation energy (model),  ${p}_{A}^{deb}$$(J)$",True,,,False,,,,,,,False,
sim_p_A,sim_p_A,1J,sim_p_A,${p}_{A}^{sim}$,<class 'lib.model.DEB.deb.DEB'>,,assimilation energy (sim),"assimilation energy (sim),  ${p}_{A}^{sim}$$(J)$",True,,,False,,,,,,,False,
gut_p_A,gut_p_A,1J,gut_p_A,${p}_{A}^{gut}$,<class 'lib.model.DEB.deb.DEB'>,,assimilation energy (gut),"assimilation energy (gut),  ${p}_{A}^{gut}$$(J)$",True,,,False,,,,,,,False,
e,e,1,e,e,<class 'lib.model.DEB.deb.DEB'>,,scaled reserve density,"scaled reserve density,  e$()$",True,,,False,,,,,,,False,
f,f,1,f,f,<class 'lib.model.DEB.deb.DEB'>,,scaled functional response,"scaled functional response,  f$()$",True,,,False,,,,,,,False,
f0,base_f,1,f0,${f}_{0}$,<class 'lib.model.DEB.deb.DEB'>,,base scaled functional response,"base scaled functional response,  ${f}_{0}$$()$",True,,,False,,,,,,,False,
[F],F,1.1574074074074073e-05Hz,[F],$\dot{[F]}$,<class 'lib.model.DEB.deb.DEB'>,,volume specific filtering rate,"volume specific filtering rate,  $\dot{[F]}$$(Hz)$",True,,,False,,,,,,,False,
fr_f,fr_feed,1Hz,fr_f,${\dot{fr}}_{feed}$,<class 'lib.model.DEB.deb.DEB'>,,feed motion frequency (estimate),"feed motion frequency (estimate),  ${\dot{fr}}_{feed}$$(Hz)$",True,,,False,,,,,,,False,
pupation,pupation_buffer,1,pupation,${r}_{pupation}$,<class 'lib.model.DEB.deb.DEB'>,,pupation ratio,"pupation ratio,  ${r}_{pupation}$$()$",True,,,False,,,,,,,False,
D_age,D_age,86400s,D_age,$\Delta{age}$,,,age change,"age change,  $\Delta{age}$$(s)$",False,,,False,diff,age,,,,,False,
D_f,D_f,1,D_f,$\Delta{f}$,,,scaled functional response change,"scaled functional response change,  $\Delta{f}$$()$",False,,,False,diff,f,,,,,False,
d_f,d_f,1.1574074074074073e-05s⁻¹,d_f,$\dot{f}$,,,scaled functional response rate,"scaled functional response rate,  $\dot{f}$$(s⁻¹)$",False,,,True,,,D_f,D_age,,,False,
D_e,D_e,1,D_e,$\Delta{e}$,,,scaled reserve density change,"scaled reserve density change,  $\Delta{e}$$()$",False,,,False,diff,e,,,,,False,
d_e,d_e,1.1574074074074073e-05s⁻¹,d_e,$\dot{e}$,,,scaled reserve density rate,"scaled reserve density rate,  $\dot{e}$$(s⁻¹)$",False,,,True,,,D_e,D_age,,,False,
D_H,D_hunger,1,D_H,$\Delta{H}$,,,hunger drive change,"hunger drive change,  $\Delta{H}$$()$",False,,,False,diff,H,,,,,False,
d_H,d_H,1.1574074074074073e-05s⁻¹,d_H,$\dot{H}$,,,hunger drive rate,"hunger drive rate,  $\dot{H}$$(s⁻¹)$",False,,,True,,,D_H,D_age,,,False,
[E],[E],999999.9999999999kg·m⁻¹·s⁻²,[E],[E],,,volume specific reserve energy,"volume specific reserve energy,  [E]$(kg·m⁻¹·s⁻²)$",False,,,True,,,E,V,,,False,
[Ww],[Ww],999.9999999999999kg·m⁻³,[Ww],[${W}_{w}$],,,volume specific wet weight,"volume specific wet weight,  [${W}_{w}$]$(kg·m⁻³)$",False,,,True,,,Ww,V,,,False,
[E_R],[E_R],999999.9999999999kg·m⁻¹·s⁻²,[E_R],[${E}_{R}$],,,volume specific reproduction buffer,"volume specific reproduction buffer,  [${E}_{R}$]$(kg·m⁻¹·s⁻²)$",False,,,True,,,E_R,V,,,False,
[E_H],[E_H],999999.9999999999kg·m⁻¹·s⁻²,[E_H],[${E}_{H}$],,,volume specific maturity energy,"volume specific maturity energy,  [${E}_{H}$]$(kg·m⁻¹·s⁻²)$",False,,,True,,,E_H,V,,,False,
d,dst,1m,d,d,<class 'lib.model.agents._agent.Larva'>,,dst,"dst,  d$(m)$",True,,,False,,,,,,,False,
dsp,dispersion,1m,dsp,dsp,<class 'lib.model.agents._agent.Larva'>,,dispersion,"dispersion,  dsp$(m)$",False,,,False,,,,,,,True,
o_cent,bearing_to_center,1deg,o_cent,${\theta_{or}}^{cen}$,<class 'lib.model.agents._agent.Larva'>,"(-180.0, 180.0)",bearing_to_center,"bearing_to_center,  ${\theta_{or}}^{cen}$$(deg)$",False,,,False,,,,,,"(0, 0)",False,zero
o_chem,bearing_to_source,1deg,o_chem,${\theta_{or}}^{source}$,<class 'lib.model.agents._agent.Larva'>,"(-180.0, 180.0)",bearing_to_source,"bearing_to_source,  ${\theta_{or}}^{source}$$(deg)$",False,,,False,,,,,,"(0.04, 0.0)",False,zero
d_cent,dst_to_center,1m,d_cent,${d}_{cen}$,<class 'lib.model.agents._agent.Larva'>,,dst_to_center,"dst_to_center,  ${d}_{cen}$$(m)$",False,,,False,,,,,"(0, 0)",,False,
d_chem,dst_to_source,1m,d_chem,${d}_{source}$,<class 'lib.model.agents._agent.Larva'>,,dst_to_source,"dst_to_source,  ${d}_{source}$$(m)$",False,,,False,,,,,"(0.04, 0.0)",,False,
x,x,0.001m,x,x,<class 'lib.model.agents._agent.Larva'>,,x,"x,  x$(m)$",True,,,False,,,,,,,False,
y,y,0.001m,y,y,<class 'lib.model.agents._agent.Larva'>,,y,"y,  y$(m)$",True,,,False,,,,,,,False,
b,bend,1deg,b,$\theta_{b}$,<class 'lib.model.agents._agent.Larva'>,"(-180.0, 180.0)",bend,"bend,  $\theta_{b}$$(deg)$",True,,,False,,,,,,,False,zero
fo,front_orientation,1deg,fo,${\theta_{or}}_{f}$,<class 'lib.model.agents._agent.Larva'>,"(0.0, 360.0)",front_orientation,"front_orientation,  ${\theta_{or}}_{f}$$(deg)$",True,,,False,,,,,,,False,positive
ro,rear_orientation,1deg,ro,${\theta_{or}}_{r}$,<class 'lib.model.agents._agent.Larva'>,"(0.0, 360.0)",rear_orientation,"rear_orientation,  ${\theta_{or}}_{r}$$(deg)$",True,,,False,,,,,,,False,positive
fou,front_orientation_unwrapped,1deg,fou,${\theta_{or}}_{f}$,<class 'lib.model.agents._agent.Larva'>,,front_orientation_unwrapped,"front_orientation_unwrapped,  ${\theta_{or}}_{f}$$(deg)$",True,,,False,,,,,,,False,
rou,rear_orientation_unwrapped,1deg,rou,${\theta_{or}}_{r}$,<class 'lib.model.agents._agent.Larva'>,,rear_orientation_unwrapped,"rear_orientation_unwrapped,  ${\theta_{or}}_{r}$$(deg)$",True,,,False,,,,,,,False,
cum_t,cum_dur,1s,cum_t,${t}_{cum}$,,,cum_dur,"cum_dur,  ${t}_{cum}$$(s)$",False,,,False,cum,dt,,,,,False,
D_b,D_bend,1deg,D_b,$\Delta{\theta_{b}}$,,,bend change,"bend change,  $\Delta{\theta_{b}}$$(deg)$",False,,,False,diff,b,,,,,False,
bv,d_b,1.0s⁻¹,bv,$\dot{\theta_{b}}$,,,bend_velocity,"bend_velocity,  $\dot{\theta_{b}}$$(s⁻¹)$",False,,,True,,,D_b,dt,,,False,
D_bv,D_d_b,1.0s⁻¹,D_bv,$\Delta{\dot{\theta_{b}}}$,,,bend rate change,"bend rate change,  $\Delta{\dot{\theta_{b}}}$$(s⁻¹)$",False,,,False,diff,bv,,,,,False,
ba,d_bv,1.0s⁻²,ba,$\dot{\dot{\theta_{b}}}$,,,bend_acc,"bend_acc,  $\dot{\dot{\theta_{b}}}$$(s⁻²)$",False,,,True,,,D_bv,dt,,,False,
D_fou,D_front_orientation_unwrapped,1deg,D_fou,$\Delta{{\theta_{or}}_{f}}$,,,front_orientation_unwrapped change,"front_orientation_unwrapped change,  $\Delta{{\theta_{or}}_{f}}$$(deg)$",False,,,False,diff,fou,,,,,False,
fov,d_fou,1.0s⁻¹,fov,$\dot{{\theta_{or}}_{f}}$,,,front_orientation_velocity,"front_orientation_velocity,  $\dot{{\theta_{or}}_{f}}$$(s⁻¹)$",False,,,True,,,D_fou,dt,,,False,
D_fov,D_d_fou,1.0s⁻¹,D_fov,$\Delta{\dot{{\theta_{or}}_{f}}}$,,,front_orientation_unwrapped rate change,"front_orientation_unwrapped rate change,  $\Delta{\dot{{\theta_{or}}_{f}}}$$(s⁻¹)$",False,,,False,diff,fov,,,,,False,
foa,d_fov,1.0s⁻²,foa,$\dot{\dot{{\theta_{or}}_{f}}}$,,,front_orientation_acc,"front_orientation_acc,  $\dot{\dot{{\theta_{or}}_{f}}}$$(s⁻²)$",False,,,True,,,D_fov,dt,,,False,
D_rou,D_rear_orientation_unwrapped,1deg,D_rou,$\Delta{{\theta_{or}}_{r}}$,,,rear_orientation_unwrapped change,"rear_orientation_unwrapped change,  $\Delta{{\theta_{or}}_{r}}$$(deg)$",False,,,False,diff,rou,,,,,False,
rov,d_rou,1.0s⁻¹,rov,$\dot{{\theta_{or}}_{r}}$,,,rear_orientation_velocity,"rear_orientation_velocity,  $\dot{{\theta_{or}}_{r}}$$(s⁻¹)$",False,,,True,,,D_rou,dt,,,False,
D_rov,D_d_rou,1.0s⁻¹,D_rov,$\Delta{\dot{{\theta_{or}}_{r}}}$,,,rear_orientation_unwrapped rate change,"rear_orientation_unwrapped rate change,  $\Delta{\dot{{\theta_{or}}_{r}}}$$(s⁻¹)$",False,,,False,diff,rov,,,,,False,
roa,d_rov,1.0s⁻²,roa,$\dot{\dot{{\theta_{or}}_{r}}}$,,,rear_orientation_acc,"rear_orientation_acc,  $\dot{\dot{{\theta_{or}}_{r}}}$$(s⁻²)$",False,,,True,,,D_rov,dt,,,False,
D_x,D_x,0.001m,D_x,$\Delta{x}$,,,x change,"x change,  $\Delta{x}$$(m)$",False,,,False,diff,x,,,,,False,
xv,d_x,0.001m·s⁻¹,xv,$\dot{x}$,,,x_velocity,"x_velocity,  $\dot{x}$$(m·s⁻¹)$",False,,,True,,,D_x,dt,,,False,
D_xv,D_d_x,0.001m·s⁻¹,D_xv,$\Delta{\dot{x}}$,,,x rate change,"x rate change,  $\Delta{\dot{x}}$$(m·s⁻¹)$",False,,,False,diff,xv,,,,,False,
xa,d_xv,0.001m·s⁻²,xa,$\dot{\dot{x}}$,,,x_acc,"x_acc,  $\dot{\dot{x}}$$(m·s⁻²)$",False,,,True,,,D_xv,dt,,,False,
D_y,D_y,0.001m,D_y,$\Delta{y}$,,,y change,"y change,  $\Delta{y}$$(m)$",False,,,False,diff,y,,,,,False,
yv,d_y,0.001m·s⁻¹,yv,$\dot{y}$,,,y_velocity,"y_velocity,  $\dot{y}$$(m·s⁻¹)$",False,,,True,,,D_y,dt,,,False,
D_yv,D_d_y,0.001m·s⁻¹,D_yv,$\Delta{\dot{y}}$,,,y rate change,"y rate change,  $\Delta{\dot{y}}$$(m·s⁻¹)$",False,,,False,diff,yv,,,,,False,
ya,d_yv,0.001m·s⁻²,ya,$\dot{\dot{y}}$,,,y_acc,"y_acc,  $\dot{\dot{y}}$$(m·s⁻²)$",False,,,True,,,D_yv,dt,,,False,
v,velocity,1.0m·s⁻¹,v,v,,,velocity,"velocity,  v$(m·s⁻¹)$",False,,,True,,,d,dt,,,False,
a,acc,1.0m·s⁻²,a,a,,,acc,"acc,  a$(m·s⁻²)$",False,,,True,,,v,dt,,,False,
cum_d,cum_dst,1m,cum_d,${d}^{cum}$,,,cum_dst,"cum_dst,  ${d}^{cum}$$(m)$",False,,,False,cum,d,,,,,False,
cum_D_x,cum_D_x,0.001m,cum_D_x,${\Delta{x}}^{cum}$,,,cum_x change,"cum_x change,  ${\Delta{x}}^{cum}$$(m)$",False,,,False,cum,D_x,,,,,False,
cum_D_y,cum_D_y,0.001m,cum_D_y,${\Delta{y}}^{cum}$,,,cum_y change,"cum_y change,  ${\Delta{y}}^{cum}$$(m)$",False,,,False,cum,D_y,,,,,False,
sd,scaled_dst,1.0,sd,$d^{*}$,,,scaled_dst,"scaled_dst,  $d^{*}$$()$",False,,,True,,,d,l,,,False,
sv,scaled_velocity,1.0s⁻¹,sv,$v^{*}$,,,scaled_velocity,"scaled_velocity,  $v^{*}$$(s⁻¹)$",False,,,True,,,v,l,,,False,
sa,scaled_acc,1.0s⁻²,sa,$a^{*}$,,,scaled_acc,"scaled_acc,  $a^{*}$$(s⁻²)$",False,,,True,,,a,l,,,False,
sD_x,scaled_D_x,0.001,sD_x,$\Delta{x}^{*}$,,,scaled_x change,"scaled_x change,  $\Delta{x}^{*}$$()$",False,,,True,,,D_x,l,,,False,
sxv,scaled_d_x,0.001s⁻¹,sxv,$\dot{x}^{*}$,,,scaled_x_velocity,"scaled_x_velocity,  $\dot{x}^{*}$$(s⁻¹)$",False,,,True,,,xv,l,,,False,
sxa,scaled_d_xv,0.001s⁻²,sxa,$\dot{\dot{x}}^{*}$,,,scaled_x_acc,"scaled_x_acc,  $\dot{\dot{x}}^{*}$$(s⁻²)$",False,,,True,,,xa,l,,,False,
sD_y,scaled_D_y,0.001,sD_y,$\Delta{y}^{*}$,,,scaled_y change,"scaled_y change,  $\Delta{y}^{*}$$()$",False,,,True,,,D_y,l,,,False,
syv,scaled_d_y,0.001s⁻¹,syv,$\dot{y}^{*}$,,,scaled_y_velocity,"scaled_y_velocity,  $\dot{y}^{*}$$(s⁻¹)$",False,,,True,,,yv,l,,,False,
sya,scaled_d_yv,0.001s⁻²,sya,$\dot{\dot{y}}^{*}$,,,scaled_y_acc,"scaled_y_acc,  $\dot{\dot{y}}^{*}$$(s⁻²)$",False,,,True,,,ya,l,,,False,
scum_d,scaled_cum_dst,1.0,scum_d,${d}^{cum}^{*}$,,,scaled_cum_dst,"scaled_cum_dst,  ${d}^{cum}^{*}$$()$",False,,,True,,,cum_d,l,,,False,
scum_D_x,scaled_cum_D_x,0.001,scum_D_x,${\Delta{x}}^{cum}^{*}$,,,scaled_cum_x change,"scaled_cum_x change,  ${\Delta{x}}^{cum}^{*}$$()$",False,,,True,,,cum_D_x,l,,,False,
scum_D_y,scaled_cum_D_y,0.001,scum_D_y,${\Delta{y}}^{cum}^{*}$,,,scaled_cum_y change,"scaled_cum_y change,  ${\Delta{y}}^{cum}^{*}$$()$",False,,,True,,,cum_D_y,l,,,False,
sd_chem,scaled_dst_to_source,1.0,sd_chem,${d}_{source}^{*}$,,,scaled_dst_to_source,"scaled_dst_to_source,  ${d}_{source}^{*}$$()$",False,,,True,,,d_chem,l,,,False,
sd_cent,scaled_dst_to_center,1.0,sd_cent,${d}_{cen}^{*}$,,,scaled_dst_to_center,"scaled_dst_to_center,  ${d}_{cen}^{*}$$()$",False,,,True,,,d_cent,l,,,False,
sdsp,scaled_dispersion,1.0,sdsp,$dsp^{*}$,,,scaled_dispersion,"scaled_dispersion,  $dsp^{*}$$()$",False,,,True,,,dsp,l,,,False,
dsp_mu,dispersion_mean,1m,dsp_mu,$\bar{dsp}$,,,dispersion_mean,"dispersion_mean,  $\bar{dsp}$$(m)$",False,,,False,mean,dsp,,,,,False,
dsp_std,dispersion_std,1m,dsp_std,$\~{dsp}$,,,dispersion_std,"dispersion_std,  $\~{dsp}$$(m)$",False,,,False,std,dsp,,,,,False,
dsp_min,dispersion_min,1m,dsp_min,${dsp}_{min}$,,,dispersion_min,"dispersion_min,  ${dsp}_{min}$$(m)$",False,,,False,min,dsp,,,,,False,
dsp_max,dispersion_max,1m,dsp_max,${dsp}_{max}$,,,dispersion_max,"dispersion_max,  ${dsp}_{max}$$(m)$",False,,,False,max,dsp,,,,,False,
sdsp_mu,scaled_dispersion_mean,1.0,sdsp_mu,$\bar{dsp^{*}}$,,,scaled_dispersion_mean,"scaled_dispersion_mean,  $\bar{dsp^{*}}$$()$",False,,,False,mean,sdsp,,,,,False,
sdsp_std,scaled_dispersion_std,1.0,sdsp_std,$\~{dsp^{*}}$,,,scaled_dispersion_std,"scaled_dispersion_std,  $\~{dsp^{*}}$$()$",False,,,False,std,sdsp,,,,,False,
sdsp_min,scaled_dispersion_min,1.0,sdsp_min,${dsp^{*}}_{min}$,,,scaled_dispersion_min,"scaled_dispersion_min,  ${dsp^{*}}_{min}$$()$",False,,,False,min,sdsp,,,,,False,
sdsp_max,scaled_dispersion_max,1.0,sdsp_max,${dsp^{*}}_{max}$,,,scaled_dispersion_max,"scaled_dispersion_max,  ${dsp^{*}}_{max}$$()$",False,,,False,max,sdsp,,,,,False,
d_cent_mu,dst_to_center_mean,1m,d_cent_mu,$\bar{{d}_{cen}}$,,,dst_to_center_mean,"dst_to_center_mean,  $\bar{{d}_{cen}}$$(m)$",False,,,False,mean,d_cent,,,,,False,
d_cent_std,dst_to_center_std,1m,d_cent_std,$\~{{d}_{cen}}$,,,dst_to_center_std,"dst_to_center_std,  $\~{{d}_{cen}}$$(m)$",False,,,False,std,d_cent,,,,,False,
d_cent_min,dst_to_center_min,1m,d_cent_min,${{d}_{cen}}_{min}$,,,dst_to_center_min,"dst_to_center_min,  ${{d}_{cen}}_{min}$$(m)$",False,,,False,min,d_cent,,,,,False,
d_cent_max,dst_to_center_max,1m,d_cent_max,${{d}_{cen}}_{max}$,,,dst_to_center_max,"dst_to_center_max,  ${{d}_{cen}}_{max}$$(m)$",False,,,False,max,d_cent,,,,,False,
d_chem_mu,dst_to_source_mean,1m,d_chem_mu,$\bar{{d}_{source}}$,,,dst_to_source_mean,"dst_to_source_mean,  $\bar{{d}_{source}}$$(m)$",False,,,False,mean,d_chem,,,,,False,
d_chem_std,dst_to_source_std,1m,d_chem_std,$\~{{d}_{source}}$,,,dst_to_source_std,"dst_to_source_std,  $\~{{d}_{source}}$$(m)$",False,,,False,std,d_chem,,,,,False,
d_chem_min,dst_to_source_min,1m,d_chem_min,${{d}_{source}}_{min}$,,,dst_to_source_min,"dst_to_source_min,  ${{d}_{source}}_{min}$$(m)$",False,,,False,min,d_chem,,,,,False,
d_chem_max,dst_to_source_max,1m,d_chem_max,${{d}_{source}}_{max}$,,,dst_to_source_max,"dst_to_source_max,  ${{d}_{source}}_{max}$$(m)$",False,,,False,max,d_chem,,,,,False,
sd_cent_mu,scaled_dst_to_center_mean,1.0,sd_cent_mu,$\bar{{d}_{cen}^{*}}$,,,scaled_dst_to_center_mean,"scaled_dst_to_center_mean,  $\bar{{d}_{cen}^{*}}$$()$",False,,,False,mean,sd_cent,,,,,False,
sd_cent_std,scaled_dst_to_center_std,1.0,sd_cent_std,$\~{{d}_{cen}^{*}}$,,,scaled_dst_to_center_std,"scaled_dst_to_center_std,  $\~{{d}_{cen}^{*}}$$()$",False,,,False,std,sd_cent,,,,,False,
sd_cent_min,scaled_dst_to_center_min,1.0,sd_cent_min,${{d}_{cen}^{*}}_{min}$,,,scaled_dst_to_center_min,"scaled_dst_to_center_min,  ${{d}_{cen}^{*}}_{min}$$()$",False,,,False,min,sd_cent,,,,,False,
sd_cent_max,scaled_dst_to_center_max,1.0,sd_cent_max,${{d}_{cen}^{*}}_{max}$,,,scaled_dst_to_center_max,"scaled_dst_to_center_max,  ${{d}_{cen}^{*}}_{max}$$()$",False,,,False,max,sd_cent,,,,,False,
sd_chem_mu,scaled_dst_to_source_mean,1.0,sd_chem_mu,$\bar{{d}_{source}^{*}}$,,,scaled_dst_to_source_mean,"scaled_dst_to_source_mean,  $\bar{{d}_{source}^{*}}$$()$",False,,,False,mean,sd_chem,,,,,False,
sd_chem_std,scaled_dst_to_source_std,1.0,sd_chem_std,$\~{{d}_{source}^{*}}$,,,scaled_dst_to_source_std,"scaled_dst_to_source_std,  $\~{{d}_{source}^{*}}$$()$",False,,,False,std,sd_chem,,,,,False,
sd_chem_min,scaled_dst_to_source_min,1.0,sd_chem_min,${{d}_{source}^{*}}_{min}$,,,scaled_dst_to_source_min,"scaled_dst_to_source_min,  ${{d}_{source}^{*}}_{min}$$()$",False,,,False,min,sd_chem,,,,,False,
sd_chem_max,scaled_dst_to_source_max,1.0,sd_chem_max,${{d}_{source}^{*}}_{max}$,,,scaled_dst_to_source_max,"scaled_dst_to_source_max,  ${{d}_{source}^{*}}_{max}$$()$",False,,,False,max,sd_chem,,,,,False,
c_odor1,first_odor_concentration,1e-06mol,c_odor1,${C}_{1}$,<class 'lib.model.agents._agent.Larva'>,,Odor 1 Conc,"Odor 1 Conc,  ${C}_{1}$$(mol)$",True,,,False,,,,,,,False,
D_c_odor1,D_first_odor_concentration,1e-06mol,D_c_odor1,$\Delta{{C}_{1}}$,,,Odor 1 Conc change,"Odor 1 Conc change,  $\Delta{{C}_{1}}$$(mol)$",False,,,False,diff,c_odor1,,,,,False,
dc_odor1,d_c_odor1,1e-06mol·s⁻¹,dc_odor1,${\dot{C}}_{1}$,,,Odor 1 Conc rate,"Odor 1 Conc rate,  ${\dot{C}}_{1}$$(mol·s⁻¹)$",False,,,True,,,D_c_odor1,dt,,,False,
c_odor2,second_odor_concentration,1e-06mol,c_odor2,${C}_{2}$,<class 'lib.model.agents._agent.Larva'>,,Odor 2 Conc,"Odor 2 Conc,  ${C}_{2}$$(mol)$",True,,,False,,,,,,,False,
D_c_odor2,D_second_odor_concentration,1e-06mol,D_c_odor2,$\Delta{{C}_{2}}$,,,Odor 2 Conc change,"Odor 2 Conc change,  $\Delta{{C}_{2}}$$(mol)$",False,,,False,diff,c_odor2,,,,,False,
dc_odor2,d_c_odor2,1e-06mol·s⁻¹,dc_odor2,${\dot{C}}_{2}$,,,Odor 2 Conc rate,"Odor 2 Conc rate,  ${\dot{C}}_{2}$$(mol·s⁻¹)$",False,,,True,,,D_c_odor2,dt,,,False,
c_odor3,third_odor_concentration,1e-06mol,c_odor3,${C}_{3}$,<class 'lib.model.agents._agent.Larva'>,,Odor 3 Conc,"Odor 3 Conc,  ${C}_{3}$$(mol)$",True,,,False,,,,,,,False,
D_c_odor3,D_third_odor_concentration,1e-06mol,D_c_odor3,$\Delta{{C}_{3}}$,,,Odor 3 Conc change,"Odor 3 Conc change,  $\Delta{{C}_{3}}$$(mol)$",False,,,False,diff,c_odor3,,,,,False,
dc_odor3,d_c_odor3,1e-06mol·s⁻¹,dc_odor3,${\dot{C}}_{3}$,,,Odor 3 Conc rate,"Odor 3 Conc rate,  ${\dot{C}}_{3}$$(mol·s⁻¹)$",False,,,True,,,D_c_odor3,dt,,,False,
Act_tur,ang_activity,1,Act_tur,${A}_{tur}^{out}$,<class 'lib.model.agents._agent.Larva'>,,turner output,"turner output,  ${A}_{tur}^{out}$$()$",True,,,False,,,,,,,False,
A_tur,turner_activation,1,A_tur,${A}_{tur}^{in}$,<class 'lib.model.agents._agent.Larva'>,"(10, 40)",turner input,"turner input,  ${A}_{tur}^{in}$$()$",True,,,False,,,,,,,False,
A_olf,olfactory_activation,1,A_olf,${A}_{olf}$,<class 'lib.model.agents._agent.Larva'>,"(-1, 1)",olfactory activation,"olfactory activation,  ${A}_{olf}$$()$",True,,,False,,,,,,,False,
str,stride,1,str,str,,,stride,"stride,  str$()$",False,,,False,,,,,,,False,
str0,stride_start,1s,str0,${t}_{stride}^{0}$,,,stride_start,"stride_start,  ${t}_{stride}^{0}$$(s)$",False,,,False,,,,,,,False,
str1,stride_stop,1s,str1,${t}_{stride}^{1}$,,,stride_stop,"stride_stop,  ${t}_{stride}^{1}$$(s)$",False,,,False,,,,,,,False,
str_t,stride_dur,1s,str_t,${\Delta{t}}_{stride}$,,,stride_dur,"stride_dur,  ${\Delta{t}}_{stride}$$(s)$",False,,,False,,,,,,,False,
str_id,stride_id,1,str_id,${idx}_{stride}$,,,stride_id,"stride_id,  ${idx}_{stride}$$()$",False,,,False,,,,,,,False,
str_tr,stride_dur_ratio,1,str_tr,${r}_{stride}$,,,stride_dur_ratio,"stride_dur_ratio,  ${r}_{stride}$$()$",False,,,False,,,,,,,False,
str_N,num_strides,1,str_N,${N}_{stridesigma}$,,,num_strides,"num_strides,  ${N}_{stridesigma}$$()$",False,,,False,,,,,,,False,
cum_str_t,cum_stride_dur,1s,cum_str_t,${{\Delta{t}}_{stride}}^{cum}$,,,cum_stride_dur,"cum_stride_dur,  ${{\Delta{t}}_{stride}}^{cum}$$(s)$",False,,,False,cum,str_t,,,,,False,
str_t_mu,stride_dur_mean,1s,str_t_mu,$\bar{{\Delta{t}}_{stride}}$,,,stride_dur_mean,"stride_dur_mean,  $\bar{{\Delta{t}}_{stride}}$$(s)$",False,,,False,mean,str_t,,,,,False,
str_t_std,stride_dur_std,1s,str_t_std,$\~{{\Delta{t}}_{stride}}$,,,stride_dur_std,"stride_dur_std,  $\~{{\Delta{t}}_{stride}}$$(s)$",False,,,False,std,str_t,,,,,False,
str_t_min,stride_dur_min,1s,str_t_min,${{\Delta{t}}_{stride}}_{min}$,,,stride_dur_min,"stride_dur_min,  ${{\Delta{t}}_{stride}}_{min}$$(s)$",False,,,False,min,str_t,,,,,False,
str_t_max,stride_dur_max,1s,str_t_max,${{\Delta{t}}_{stride}}_{max}$,,,stride_dur_max,"stride_dur_max,  ${{\Delta{t}}_{stride}}_{max}$$(s)$",False,,,False,max,str_t,,,,,False,
str_x,stride_x,0.001m,str_x,${\Delta{x}}_{str}$,,,stride_x,"stride_x,  ${\Delta{x}}_{str}$$(m)$",False,,,False,,,,,,,False,
str_x0,x_at_stride_start,0.001m,str_x0,${x}_{str}^{0}$,,,x_at_stride_start,"x_at_stride_start,  ${x}_{str}^{0}$$(m)$",False,,,False,,,,,,,False,
str_x1,x_at_stride_stop,0.001m,str_x1,${x}_{str}^{1}$,,,x_at_stride_stop,"x_at_stride_stop,  ${x}_{str}^{1}$$(m)$",False,,,False,,,,,,,False,
str_y,stride_y,0.001m,str_y,${\Delta{y}}_{str}$,,,stride_y,"stride_y,  ${\Delta{y}}_{str}$$(m)$",False,,,False,,,,,,,False,
str_y0,y_at_stride_start,0.001m,str_y0,${y}_{str}^{0}$,,,y_at_stride_start,"y_at_stride_start,  ${y}_{str}^{0}$$(m)$",False,,,False,,,,,,,False,
str_y1,y_at_stride_stop,0.001m,str_y1,${y}_{str}^{1}$,,,y_at_stride_stop,"y_at_stride_stop,  ${y}_{str}^{1}$$(m)$",False,,,False,,,,,,,False,
str_fo,stride_front_orientation,1deg,str_fo,${\Delta{{\theta_{or}}_{f}}}_{str}$,,,stride_front_orientation,"stride_front_orientation,  ${\Delta{{\theta_{or}}_{f}}}_{str}$$(deg)$",False,,,False,,,,,,,False,
str_fo0,front_orientation_at_stride_start,1deg,str_fo0,${{\theta_{or}}_{f}}_{str}^{0}$,,,front_orientation_at_stride_start,"front_orientation_at_stride_start,  ${{\theta_{or}}_{f}}_{str}^{0}$$(deg)$",False,,,False,,,,,,,False,
str_fo1,front_orientation_at_stride_stop,1deg,str_fo1,${{\theta_{or}}_{f}}_{str}^{1}$,,,front_orientation_at_stride_stop,"front_orientation_at_stride_stop,  ${{\theta_{or}}_{f}}_{str}^{1}$$(deg)$",False,,,False,,,,,,,False,
str_fou,stride_front_orientation_unwrapped,1deg,str_fou,${\Delta{{\theta_{or}}_{f}}}_{str}$,,,stride_front_orientation_unwrapped,"stride_front_orientation_unwrapped,  ${\Delta{{\theta_{or}}_{f}}}_{str}$$(deg)$",False,,,False,,,,,,,False,
str_fou0,front_orientation_unwrapped_at_stride_start,1deg,str_fou0,${{\theta_{or}}_{f}}_{str}^{0}$,,,front_orientation_unwrapped_at_stride_start,"front_orientation_unwrapped_at_stride_start,  ${{\theta_{or}}_{f}}_{str}^{0}$$(deg)$",False,,,False,,,,,,,False,
str_fou1,front_orientation_unwrapped_at_stride_stop,1deg,str_fou1,${{\theta_{or}}_{f}}_{str}^{1}$,,,front_orientation_unwrapped_at_stride_stop,"front_orientation_unwrapped_at_stride_stop,  ${{\theta_{or}}_{f}}_{str}^{1}$$(deg)$",False,,,False,,,,,,,False,
str_fov,stride_d_fou,1.0s⁻¹,str_fov,${\Delta{\dot{{\theta_{or}}_{f}}}}_{str}$,,,stride_d_fou,"stride_d_fou,  ${\Delta{\dot{{\theta_{or}}_{f}}}}_{str}$$(s⁻¹)$",False,,,False,,,,,,,False,
str_fov0,d_fou_at_stride_start,1.0s⁻¹,str_fov0,${\dot{{\theta_{or}}_{f}}}_{str}^{0}$,,,d_fou_at_stride_start,"d_fou_at_stride_start,  ${\dot{{\theta_{or}}_{f}}}_{str}^{0}$$(s⁻¹)$",False,,,False,,,,,,,False,
str_fov1,d_fou_at_stride_stop,1.0s⁻¹,str_fov1,${\dot{{\theta_{or}}_{f}}}_{str}^{1}$,,,d_fou_at_stride_stop,"d_fou_at_stride_stop,  ${\dot{{\theta_{or}}_{f}}}_{str}^{1}$$(s⁻¹)$",False,,,False,,,,,,,False,
str_b,stride_bend,1deg,str_b,${\Delta{\theta_{b}}}_{str}$,,,stride_bend,"stride_bend,  ${\Delta{\theta_{b}}}_{str}$$(deg)$",False,,,False,,,,,,,False,
str_b0,bend_at_stride_start,1deg,str_b0,${\theta_{b}}_{str}^{0}$,,,bend_at_stride_start,"bend_at_stride_start,  ${\theta_{b}}_{str}^{0}$$(deg)$",False,,,False,,,,,,,False,
str_b1,bend_at_stride_stop,1deg,str_b1,${\theta_{b}}_{str}^{1}$,,,bend_at_stride_stop,"bend_at_stride_stop,  ${\theta_{b}}_{str}^{1}$$(deg)$",False,,,False,,,,,,,False,
str_bv,stride_d_b,1.0s⁻¹,str_bv,${\Delta{\dot{\theta_{b}}}}_{str}$,,,stride_d_b,"stride_d_b,  ${\Delta{\dot{\theta_{b}}}}_{str}$$(s⁻¹)$",False,,,False,,,,,,,False,
str_bv0,d_b_at_stride_start,1.0s⁻¹,str_bv0,${\dot{\theta_{b}}}_{str}^{0}$,,,d_b_at_stride_start,"d_b_at_stride_start,  ${\dot{\theta_{b}}}_{str}^{0}$$(s⁻¹)$",False,,,False,,,,,,,False,
str_bv1,d_b_at_stride_stop,1.0s⁻¹,str_bv1,${\dot{\theta_{b}}}_{str}^{1}$,,,d_b_at_stride_stop,"d_b_at_stride_stop,  ${\dot{\theta_{b}}}_{str}^{1}$$(s⁻¹)$",False,,,False,,,,,,,False,
str_v,stride_velocity,1.0m·s⁻¹,str_v,${\Delta{v}}_{str}$,,,stride_velocity,"stride_velocity,  ${\Delta{v}}_{str}$$(m·s⁻¹)$",False,,,False,,,,,,,False,
str_v0,velocity_at_stride_start,1.0m·s⁻¹,str_v0,${v}_{str}^{0}$,,,velocity_at_stride_start,"velocity_at_stride_start,  ${v}_{str}^{0}$$(m·s⁻¹)$",False,,,False,,,,,,,False,
str_v1,velocity_at_stride_stop,1.0m·s⁻¹,str_v1,${v}_{str}^{1}$,,,velocity_at_stride_stop,"velocity_at_stride_stop,  ${v}_{str}^{1}$$(m·s⁻¹)$",False,,,False,,,,,,,False,
str_sv,stride_scaled_velocity,1.0s⁻¹,str_sv,${\Delta{v^{*}}}_{str}$,,,stride_scaled_velocity,"stride_scaled_velocity,  ${\Delta{v^{*}}}_{str}$$(s⁻¹)$",False,,,False,,,,,,,False,
str_sv0,scaled_velocity_at_stride_start,1.0s⁻¹,str_sv0,${v^{*}}_{str}^{0}$,,,scaled_velocity_at_stride_start,"scaled_velocity_at_stride_start,  ${v^{*}}_{str}^{0}$$(s⁻¹)$",False,,,False,,,,,,,False,
str_sv1,scaled_velocity_at_stride_stop,1.0s⁻¹,str_sv1,${v^{*}}_{str}^{1}$,,,scaled_velocity_at_stride_stop,"scaled_velocity_at_stride_stop,  ${v^{*}}_{str}^{1}$$(s⁻¹)$",False,,,False,,,,,,,False,
pau,pause,1,pau,pau,,,pause,"pause,  pau$()$",False,,,False,,,,,,,False,
pau0,pause_start,1s,pau0,${t}_{pause}^{0}$,,,pause_start,"pause_start,  ${t}_{pause}^{0}$$(s)$",False,,,False,,,,,,,False,
pau1,pause_stop,1s,pau1,${t}_{pause}^{1}$,,,pause_stop,"pause_stop,  ${t}_{pause}^{1}$$(s)$",False,,,False,,,,,,,False,
pau_t,pause_dur,1s,pau_t,${\Delta{t}}_{pause}$,,,pause_dur,"pause_dur,  ${\Delta{t}}_{pause}$$(s)$",False,,,False,,,,,,,False,
pau_id,pause_id,1,pau_id,${idx}_{pause}$,,,pause_id,"pause_id,  ${idx}_{pause}$$()$",False,,,False,,,,,,,False,
pau_tr,pause_dur_ratio,1,pau_tr,${r}_{pause}$,,,pause_dur_ratio,"pause_dur_ratio,  ${r}_{pause}$$()$",False,,,False,,,,,,,False,
pau_N,num_pauses,1,pau_N,${N}_{pausesigma}$,,,num_pauses,"num_pauses,  ${N}_{pausesigma}$$()$",False,,,False,,,,,,,False,
cum_pau_t,cum_pause_dur,1s,cum_pau_t,${{\Delta{t}}_{pause}}^{cum}$,,,cum_pause_dur,"cum_pause_dur,  ${{\Delta{t}}_{pause}}^{cum}$$(s)$",False,,,False,cum,pau_t,,,,,False,
pau_t_mu,pause_dur_mean,1s,pau_t_mu,$\bar{{\Delta{t}}_{pause}}$,,,pause_dur_mean,"pause_dur_mean,  $\bar{{\Delta{t}}_{pause}}$$(s)$",False,,,False,mean,pau_t,,,,,False,
pau_t_std,pause_dur_std,1s,pau_t_std,$\~{{\Delta{t}}_{pause}}$,,,pause_dur_std,"pause_dur_std,  $\~{{\Delta{t}}_{pause}}$$(s)$",False,,,False,std,pau_t,,,,,False,
pau_t_min,pause_dur_min,1s,pau_t_min,${{\Delta{t}}_{pause}}_{min}$,,,pause_dur_min,"pause_dur_min,  ${{\Delta{t}}_{pause}}_{min}$$(s)$",False,,,False,min,pau_t,,,,,False,
pau_t_max,pause_dur_max,1s,pau_t_max,${{\Delta{t}}_{pause}}_{max}$,,,pause_dur_max,"pause_dur_max,  ${{\Delta{t}}_{pause}}_{max}$$(s)$",False,,,False,max,pau_t,,,,,False,
pau_x,pause_x,0.001m,pau_x,${\Delta{x}}_{pau}$,,,pause_x,"pause_x,  ${\Delta{x}}_{pau}$$(m)$",False,,,False,,,,,,,False,
pau_x0,x_at_pause_start,0.001m,pau_x0,${x}_{pau}^{0}$,,,x_at_pause_start,"x_at_pause_start,  ${x}_{pau}^{0}$$(m)$",False,,,False,,,,,,,False,
pau_x1,x_at_pause_stop,0.001m,pau_x1,${x}_{pau}^{1}$,,,x_at_pause_stop,"x_at_pause_stop,  ${x}_{pau}^{1}$$(m)$",False,,,False,,,,,,,False,
pau_y,pause_y,0.001m,pau_y,${\Delta{y}}_{pau}$,,,pause_y,"pause_y,  ${\Delta{y}}_{pau}$$(m)$",False,,,False,,,,,,,False,
pau_y0,y_at_pause_start,0.001m,pau_y0,${y}_{pau}^{0}$,,,y_at_pause_start,"y_at_pause_start,  ${y}_{pau}^{0}$$(m)$",False,,,False,,,,,,,False,
pau_y1,y_at_pause_stop,0.001m,pau_y1,${y}_{pau}^{1}$,,,y_at_pause_stop,"y_at_pause_stop,  ${y}_{pau}^{1}$$(m)$",False,,,False,,,,,,,False,
pau_fo,pause_front_orientation,1deg,pau_fo,${\Delta{{\theta_{or}}_{f}}}_{pau}$,,,pause_front_orientation,"pause_front_orientation,  ${\Delta{{\theta_{or}}_{f}}}_{pau}$$(deg)$",False,,,False,,,,,,,False,
pau_fo0,front_orientation_at_pause_start,1deg,pau_fo0,${{\theta_{or}}_{f}}_{pau}^{0}$,,,front_orientation_at_pause_start,"front_orientation_at_pause_start,  ${{\theta_{or}}_{f}}_{pau}^{0}$$(deg)$",False,,,False,,,,,,,False,
pau_fo1,front_orientation_at_pause_stop,1deg,pau_fo1,${{\theta_{or}}_{f}}_{pau}^{1}$,,,front_orientation_at_pause_stop,"front_orientation_at_pause_stop,  ${{\theta_{or}}_{f}}_{pau}^{1}$$(deg)$",False,,,False,,,,,,,False,
pau_fou,pause_front_orientation_unwrapped,1deg,pau_fou,${\Delta{{\theta_{or}}_{f}}}_{pau}$,,,pause_front_orientation_unwrapped,"pause_front_orientation_unwrapped,  ${\Delta{{\theta_{or}}_{f}}}_{pau}$$(deg)$",False,,,False,,,,,,,False,
pau_fou0,front_orientation_unwrapped_at_pause_start,1deg,pau_fou0,${{\theta_{or}}_{f}}_{pau}^{0}$,,,front_orientation_unwrapped_at_pause_start,"front_orientation_unwrapped_at_pause_start,  ${{\theta_{or}}_{f}}_{pau}^{0}$$(deg)$",False,,,False,,,,,,,False,
pau_fou1,front_orientation_unwrapped_at_pause_stop,1deg,pau_fou1,${{\theta_{or}}_{f}}_{pau}^{1}$,,,front_orientation_unwrapped_at_pause_stop,"front_orientation_unwrapped_at_pause_stop,  ${{\theta_{or}}_{f}}_{pau}^{1}$$(deg)$",False,,,False,,,,,,,False,
pau_fov,pause_d_fou,1.0s⁻¹,pau_fov,${\Delta{\dot{{\theta_{or}}_{f}}}}_{pau}$,,,pause_d_fou,"pause_d_fou,  ${\Delta{\dot{{\theta_{or}}_{f}}}}_{pau}$$(s⁻¹)$",False,,,False,,,,,,,False,
pau_fov0,d_fou_at_pause_start,1.0s⁻¹,pau_fov0,${\dot{{\theta_{or}}_{f}}}_{pau}^{0}$,,,d_fou_at_pause_start,"d_fou_at_pause_start,  ${\dot{{\theta_{or}}_{f}}}_{pau}^{0}$$(s⁻¹)$",False,,,False,,,,,,,False,
pau_fov1,d_fou_at_pause_stop,1.0s⁻¹,pau_fov1,${\dot{{\theta_{or}}_{f}}}_{pau}^{1}$,,,d_fou_at_pause_stop,"d_fou_at_pause_stop,  ${\dot{{\theta_{or}}_{f}}}_{pau}^{1}$$(s⁻¹)$",False,,,False,,,,,,,False,
pau_b,pause_bend,1deg,pau_b,${\Delta{\theta_{b}}}_{pau}$,,,pause_bend,"pause_bend,  ${\Delta{\theta_{b}}}_{pau}$$(deg)$",False,,,False,,,,,,,False,
pau_b0,bend_at_pause_start,1deg,pau_b0,${\theta_{b}}_{pau}^{0}$,,,bend_at_pause_start,"bend_at_pause_start,  ${\theta_{b}}_{pau}^{0}$$(deg)$",False,,,False,,,,,,,False,
pau_b1,bend_at_pause_stop,1deg,pau_b1,${\theta_{b}}_{pau}^{1}$,,,bend_at_pause_stop,"bend_at_pause_stop,  ${\theta_{b}}_{pau}^{1}$$(deg)$",False,,,False,,,,,,,False,
pau_bv,pause_d_b,1.0s⁻¹,pau_bv,${\Delta{\dot{\theta_{b}}}}_{pau}$,,,pause_d_b,"pause_d_b,  ${\Delta{\dot{\theta_{b}}}}_{pau}$$(s⁻¹)$",False,,,False,,,,,,,False,
pau_bv0,d_b_at_pause_start,1.0s⁻¹,pau_bv0,${\dot{\theta_{b}}}_{pau}^{0}$,,,d_b_at_pause_start,"d_b_at_pause_start,  ${\dot{\theta_{b}}}_{pau}^{0}$$(s⁻¹)$",False,,,False,,,,,,,False,
pau_bv1,d_b_at_pause_stop,1.0s⁻¹,pau_bv1,${\dot{\theta_{b}}}_{pau}^{1}$,,,d_b_at_pause_stop,"d_b_at_pause_stop,  ${\dot{\theta_{b}}}_{pau}^{1}$$(s⁻¹)$",False,,,False,,,,,,,False,
pau_v,pause_velocity,1.0m·s⁻¹,pau_v,${\Delta{v}}_{pau}$,,,pause_velocity,"pause_velocity,  ${\Delta{v}}_{pau}$$(m·s⁻¹)$",False,,,False,,,,,,,False,
pau_v0,velocity_at_pause_start,1.0m·s⁻¹,pau_v0,${v}_{pau}^{0}$,,,velocity_at_pause_start,"velocity_at_pause_start,  ${v}_{pau}^{0}$$(m·s⁻¹)$",False,,,False,,,,,,,False,
pau_v1,velocity_at_pause_stop,1.0m·s⁻¹,pau_v1,${v}_{pau}^{1}$,,,velocity_at_pause_stop,"velocity_at_pause_stop,  ${v}_{pau}^{1}$$(m·s⁻¹)$",False,,,False,,,,,,,False,
pau_sv,pause_scaled_velocity,1.0s⁻¹,pau_sv,${\Delta{v^{*}}}_{pau}$,,,pause_scaled_velocity,"pause_scaled_velocity,  ${\Delta{v^{*}}}_{pau}$$(s⁻¹)$",False,,,False,,,,,,,False,
pau_sv0,scaled_velocity_at_pause_start,1.0s⁻¹,pau_sv0,${v^{*}}_{pau}^{0}$,,,scaled_velocity_at_pause_start,"scaled_velocity_at_pause_start,  ${v^{*}}_{pau}^{0}$$(s⁻¹)$",False,,,False,,,,,,,False,
pau_sv1,scaled_velocity_at_pause_stop,1.0s⁻¹,pau_sv1,${v^{*}}_{pau}^{1}$,,,scaled_velocity_at_pause_stop,"scaled_velocity_at_pause_stop,  ${v^{*}}_{pau}^{1}$$(s⁻¹)$",False,,,False,,,,,,,False,
fee,feed,1,fee,fee,,,feed,"feed,  fee$()$",False,,,False,,,,,,,False,
fee0,feed_start,1s,fee0,${t}_{feed}^{0}$,,,feed_start,"feed_start,  ${t}_{feed}^{0}$$(s)$",False,,,False,,,,,,,False,
fee1,feed_stop,1s,fee1,${t}_{feed}^{1}$,,,feed_stop,"feed_stop,  ${t}_{feed}^{1}$$(s)$",False,,,False,,,,,,,False,
fee_t,feed_dur,1s,fee_t,${\Delta{t}}_{feed}$,,,feed_dur,"feed_dur,  ${\Delta{t}}_{feed}$$(s)$",False,,,False,,,,,,,False,
fee_id,feed_id,1,fee_id,${idx}_{feed}$,,,feed_id,"feed_id,  ${idx}_{feed}$$()$",False,,,False,,,,,,,False,
fee_tr,feed_dur_ratio,1,fee_tr,${r}_{feed}$,,,feed_dur_ratio,"feed_dur_ratio,  ${r}_{feed}$$()$",False,,,False,,,,,,,False,
fee_N,num_feeds,1,fee_N,${N}_{feedsigma}$,,,num_feeds,"num_feeds,  ${N}_{feedsigma}$$()$",False,,,False,,,,,,,False,
cum_fee_t,cum_feed_dur,1s,cum_fee_t,${{\Delta{t}}_{feed}}^{cum}$,,,cum_feed_dur,"cum_feed_dur,  ${{\Delta{t}}_{feed}}^{cum}$$(s)$",False,,,False,cum,fee_t,,,,,False,
fee_t_mu,feed_dur_mean,1s,fee_t_mu,$\bar{{\Delta{t}}_{feed}}$,,,feed_dur_mean,"feed_dur_mean,  $\bar{{\Delta{t}}_{feed}}$$(s)$",False,,,False,mean,fee_t,,,,,False,
fee_t_std,feed_dur_std,1s,fee_t_std,$\~{{\Delta{t}}_{feed}}$,,,feed_dur_std,"feed_dur_std,  $\~{{\Delta{t}}_{feed}}$$(s)$",False,,,False,std,fee_t,,,,,False,
fee_t_min,feed_dur_min,1s,fee_t_min,${{\Delta{t}}_{feed}}_{min}$,,,feed_dur_min,"feed_dur_min,  ${{\Delta{t}}_{feed}}_{min}$$(s)$",False,,,False,min,fee_t,,,,,False,
fee_t_max,feed_dur_max,1s,fee_t_max,${{\Delta{t}}_{feed}}_{max}$,,,feed_dur_max,"feed_dur_max,  ${{\Delta{t}}_{feed}}_{max}$$(s)$",False,,,False,max,fee_t,,,,,False,
fee_x,feed_x,0.001m,fee_x,${\Delta{x}}_{fee}$,,,feed_x,"feed_x,  ${\Delta{x}}_{fee}$$(m)$",False,,,False,,,,,,,False,
fee_x0,x_at_feed_start,0.001m,fee_x0,${x}_{fee}^{0}$,,,x_at_feed_start,"x_at_feed_start,  ${x}_{fee}^{0}$$(m)$",False,,,False,,,,,,,False,
fee_x1,x_at_feed_stop,0.001m,fee_x1,${x}_{fee}^{1}$,,,x_at_feed_stop,"x_at_feed_stop,  ${x}_{fee}^{1}$$(m)$",False,,,False,,,,,,,False,
fee_y,feed_y,0.001m,fee_y,${\Delta{y}}_{fee}$,,,feed_y,"feed_y,  ${\Delta{y}}_{fee}$$(m)$",False,,,False,,,,,,,False,
fee_y0,y_at_feed_start,0.001m,fee_y0,${y}_{fee}^{0}$,,,y_at_feed_start,"y_at_feed_start,  ${y}_{fee}^{0}$$(m)$",False,,,False,,,,,,,False,
fee_y1,y_at_feed_stop,0.001m,fee_y1,${y}_{fee}^{1}$,,,y_at_feed_stop,"y_at_feed_stop,  ${y}_{fee}^{1}$$(m)$",False,,,False,,,,,,,False,
fee_fo,feed_front_orientation,1deg,fee_fo,${\Delta{{\theta_{or}}_{f}}}_{fee}$,,,feed_front_orientation,"feed_front_orientation,  ${\Delta{{\theta_{or}}_{f}}}_{fee}$$(deg)$",False,,,False,,,,,,,False,
fee_fo0,front_orientation_at_feed_start,1deg,fee_fo0,${{\theta_{or}}_{f}}_{fee}^{0}$,,,front_orientation_at_feed_start,"front_orientation_at_feed_start,  ${{\theta_{or}}_{f}}_{fee}^{0}$$(deg)$",False,,,False,,,,,,,False,
fee_fo1,front_orientation_at_feed_stop,1deg,fee_fo1,${{\theta_{or}}_{f}}_{fee}^{1}$,,,front_orientation_at_feed_stop,"front_orientation_at_feed_stop,  ${{\theta_{or}}_{f}}_{fee}^{1}$$(deg)$",False,,,False,,,,,,,False,
fee_fou,feed_front_orientation_unwrapped,1deg,fee_fou,${\Delta{{\theta_{or}}_{f}}}_{fee}$,,,feed_front_orientation_unwrapped,"feed_front_orientation_unwrapped,  ${\Delta{{\theta_{or}}_{f}}}_{fee}$$(deg)$",False,,,False,,,,,,,False,
fee_fou0,front_orientation_unwrapped_at_feed_start,1deg,fee_fou0,${{\theta_{or}}_{f}}_{fee}^{0}$,,,front_orientation_unwrapped_at_feed_start,"front_orientation_unwrapped_at_feed_start,  ${{\theta_{or}}_{f}}_{fee}^{0}$$(deg)$",False,,,False,,,,,,,False,
fee_fou1,front_orientation_unwrapped_at_feed_stop,1deg,fee_fou1,${{\theta_{or}}_{f}}_{fee}^{1}$,,,front_orientation_unwrapped_at_feed_stop,"front_orientation_unwrapped_at_feed_stop,  ${{\theta_{or}}_{f}}_{fee}^{1}$$(deg)$",False,,,False,,,,,,,False,
fee_fov,feed_d_fou,1.0s⁻¹,fee_fov,${\Delta{\dot{{\theta_{or}}_{f}}}}_{fee}$,,,feed_d_fou,"feed_d_fou,  ${\Delta{\dot{{\theta_{or}}_{f}}}}_{fee}$$(s⁻¹)$",False,,,False,,,,,,,False,
fee_fov0,d_fou_at_feed_start,1.0s⁻¹,fee_fov0,${\dot{{\theta_{or}}_{f}}}_{fee}^{0}$,,,d_fou_at_feed_start,"d_fou_at_feed_start,  ${\dot{{\theta_{or}}_{f}}}_{fee}^{0}$$(s⁻¹)$",False,,,False,,,,,,,False,
fee_fov1,d_fou_at_feed_stop,1.0s⁻¹,fee_fov1,${\dot{{\theta_{or}}_{f}}}_{fee}^{1}$,,,d_fou_at_feed_stop,"d_fou_at_feed_stop,  ${\dot{{\theta_{or}}_{f}}}_{fee}^{1}$$(s⁻¹)$",False,,,False,,,,,,,False,
fee_b,feed_bend,1deg,fee_b,${\Delta{\theta_{b}}}_{fee}$,,,feed_bend,"feed_bend,  ${\Delta{\theta_{b}}}_{fee}$$(deg)$",False,,,False,,,,,,,False,
fee_b0,bend_at_feed_start,1deg,fee_b0,${\theta_{b}}_{fee}^{0}$,,,bend_at_feed_start,"bend_at_feed_start,  ${\theta_{b}}_{fee}^{0}$$(deg)$",False,,,False,,,,,,,False,
fee_b1,bend_at_feed_stop,1deg,fee_b1,${\theta_{b}}_{fee}^{1}$,,,bend_at_feed_stop,"bend_at_feed_stop,  ${\theta_{b}}_{fee}^{1}$$(deg)$",False,,,False,,,,,,,False,
fee_bv,feed_d_b,1.0s⁻¹,fee_bv,${\Delta{\dot{\theta_{b}}}}_{fee}$,,,feed_d_b,"feed_d_b,  ${\Delta{\dot{\theta_{b}}}}_{fee}$$(s⁻¹)$",False,,,False,,,,,,,False,
fee_bv0,d_b_at_feed_start,1.0s⁻¹,fee_bv0,${\dot{\theta_{b}}}_{fee}^{0}$,,,d_b_at_feed_start,"d_b_at_feed_start,  ${\dot{\theta_{b}}}_{fee}^{0}$$(s⁻¹)$",False,,,False,,,,,,,False,
fee_bv1,d_b_at_feed_stop,1.0s⁻¹,fee_bv1,${\dot{\theta_{b}}}_{fee}^{1}$,,,d_b_at_feed_stop,"d_b_at_feed_stop,  ${\dot{\theta_{b}}}_{fee}^{1}$$(s⁻¹)$",False,,,False,,,,,,,False,
fee_v,feed_velocity,1.0m·s⁻¹,fee_v,${\Delta{v}}_{fee}$,,,feed_velocity,"feed_velocity,  ${\Delta{v}}_{fee}$$(m·s⁻¹)$",False,,,False,,,,,,,False,
fee_v0,velocity_at_feed_start,1.0m·s⁻¹,fee_v0,${v}_{fee}^{0}$,,,velocity_at_feed_start,"velocity_at_feed_start,  ${v}_{fee}^{0}$$(m·s⁻¹)$",False,,,False,,,,,,,False,
fee_v1,velocity_at_feed_stop,1.0m·s⁻¹,fee_v1,${v}_{fee}^{1}$,,,velocity_at_feed_stop,"velocity_at_feed_stop,  ${v}_{fee}^{1}$$(m·s⁻¹)$",False,,,False,,,,,,,False,
fee_sv,feed_scaled_velocity,1.0s⁻¹,fee_sv,${\Delta{v^{*}}}_{fee}$,,,feed_scaled_velocity,"feed_scaled_velocity,  ${\Delta{v^{*}}}_{fee}$$(s⁻¹)$",False,,,False,,,,,,,False,
fee_sv0,scaled_velocity_at_feed_start,1.0s⁻¹,fee_sv0,${v^{*}}_{fee}^{0}$,,,scaled_velocity_at_feed_start,"scaled_velocity_at_feed_start,  ${v^{*}}_{fee}^{0}$$(s⁻¹)$",False,,,False,,,,,,,False,
fee_sv1,scaled_velocity_at_feed_stop,1.0s⁻¹,fee_sv1,${v^{*}}_{fee}^{1}$,,,scaled_velocity_at_feed_stop,"scaled_velocity_at_feed_stop,  ${v^{*}}_{fee}^{1}$$(s⁻¹)$",False,,,False,,,,,,,False,
tur,turn,1,tur,tur,,,turn,"turn,  tur$()$",False,,,False,,,,,,,False,
tur0,turn_start,1s,tur0,${t}_{turn}^{0}$,,,turn_start,"turn_start,  ${t}_{turn}^{0}$$(s)$",False,,,False,,,,,,,False,
tur1,turn_stop,1s,tur1,${t}_{turn}^{1}$,,,turn_stop,"turn_stop,  ${t}_{turn}^{1}$$(s)$",False,,,False,,,,,,,False,
tur_t,turn_dur,1s,tur_t,${\Delta{t}}_{turn}$,,,turn_dur,"turn_dur,  ${\Delta{t}}_{turn}$$(s)$",False,,,False,,,,,,,False,
tur_id,turn_id,1,tur_id,${idx}_{turn}$,,,turn_id,"turn_id,  ${idx}_{turn}$$()$",False,,,False,,,,,,,False,
tur_tr,turn_dur_ratio,1,tur_tr,${r}_{turn}$,,,turn_dur_ratio,"turn_dur_ratio,  ${r}_{turn}$$()$",False,,,False,,,,,,,False,
tur_N,num_turns,1,tur_N,${N}_{turnsigma}$,,,num_turns,"num_turns,  ${N}_{turnsigma}$$()$",False,,,False,,,,,,,False,
cum_tur_t,cum_turn_dur,1s,cum_tur_t,${{\Delta{t}}_{turn}}^{cum}$,,,cum_turn_dur,"cum_turn_dur,  ${{\Delta{t}}_{turn}}^{cum}$$(s)$",False,,,False,cum,tur_t,,,,,False,
tur_t_mu,turn_dur_mean,1s,tur_t_mu,$\bar{{\Delta{t}}_{turn}}$,,,turn_dur_mean,"turn_dur_mean,  $\bar{{\Delta{t}}_{turn}}$$(s)$",False,,,False,mean,tur_t,,,,,False,
tur_t_std,turn_dur_std,1s,tur_t_std,$\~{{\Delta{t}}_{turn}}$,,,turn_dur_std,"turn_dur_std,  $\~{{\Delta{t}}_{turn}}$$(s)$",False,,,False,std,tur_t,,,,,False,
tur_t_min,turn_dur_min,1s,tur_t_min,${{\Delta{t}}_{turn}}_{min}$,,,turn_dur_min,"turn_dur_min,  ${{\Delta{t}}_{turn}}_{min}$$(s)$",False,,,False,min,tur_t,,,,,False,
tur_t_max,turn_dur_max,1s,tur_t_max,${{\Delta{t}}_{turn}}_{max}$,,,turn_dur_max,"turn_dur_max,  ${{\Delta{t}}_{turn}}_{max}$$(s)$",False,,,False,max,tur_t,,,,,False,
tur_x,turn_x,0.001m,tur_x,${\Delta{x}}_{tur}$,,,turn_x,"turn_x,  ${\Delta{x}}_{tur}$$(m)$",False,,,False,,,,,,,False,
tur_x0,x_at_turn_start,0.001m,tur_x0,${x}_{tur}^{0}$,,,x_at_turn_start,"x_at_turn_start,  ${x}_{tur}^{0}$$(m)$",False,,,False,,,,,,,False,
tur_x1,x_at_turn_stop,0.001m,tur_x1,${x}_{tur}^{1}$,,,x_at_turn_stop,"x_at_turn_stop,  ${x}_{tur}^{1}$$(m)$",False,,,False,,,,,,,False,
tur_y,turn_y,0.001m,tur_y,${\Delta{y}}_{tur}$,,,turn_y,"turn_y,  ${\Delta{y}}_{tur}$$(m)$",False,,,False,,,,,,,False,
tur_y0,y_at_turn_start,0.001m,tur_y0,${y}_{tur}^{0}$,,,y_at_turn_start,"y_at_turn_start,  ${y}_{tur}^{0}$$(m)$",False,,,False,,,,,,,False,
tur_y1,y_at_turn_stop,0.001m,tur_y1,${y}_{tur}^{1}$,,,y_at_turn_stop,"y_at_turn_stop,  ${y}_{tur}^{1}$$(m)$",False,,,False,,,,,,,False,
tur_fo,turn_front_orientation,1deg,tur_fo,${\Delta{{\theta_{or}}_{f}}}_{tur}$,,,turn_front_orientation,"turn_front_orientation,  ${\Delta{{\theta_{or}}_{f}}}_{tur}$$(deg)$",False,,,False,,,,,,,False,
tur_fo0,front_orientation_at_turn_start,1deg,tur_fo0,${{\theta_{or}}_{f}}_{tur}^{0}$,,,front_orientation_at_turn_start,"front_orientation_at_turn_start,  ${{\theta_{or}}_{f}}_{tur}^{0}$$(deg)$",False,,,False,,,,,,,False,
tur_fo1,front_orientation_at_turn_stop,1deg,tur_fo1,${{\theta_{or}}_{f}}_{tur}^{1}$,,,front_orientation_at_turn_stop,"front_orientation_at_turn_stop,  ${{\theta_{or}}_{f}}_{tur}^{1}$$(deg)$",False,,,False,,,,,,,False,
tur_fou,turn_front_orientation_unwrapped,1deg,tur_fou,${\Delta{{\theta_{or}}_{f}}}_{tur}$,,,turn_front_orientation_unwrapped,"turn_front_orientation_unwrapped,  ${\Delta{{\theta_{or}}_{f}}}_{tur}$$(deg)$",False,,,False,,,,,,,False,
tur_fou0,front_orientation_unwrapped_at_turn_start,1deg,tur_fou0,${{\theta_{or}}_{f}}_{tur}^{0}$,,,front_orientation_unwrapped_at_turn_start,"front_orientation_unwrapped_at_turn_start,  ${{\theta_{or}}_{f}}_{tur}^{0}$$(deg)$",False,,,False,,,,,,,False,
tur_fou1,front_orientation_unwrapped_at_turn_stop,1deg,tur_fou1,${{\theta_{or}}_{f}}_{tur}^{1}$,,,front_orientation_unwrapped_at_turn_stop,"front_orientation_unwrapped_at_turn_stop,  ${{\theta_{or}}_{f}}_{tur}^{1}$$(deg)$",False,,,False,,,,,,,False,
tur_fov,turn_d_fou,1.0s⁻¹,tur_fov,${\Delta{\dot{{\theta_{or}}_{f}}}}_{tur}$,,,turn_d_fou,"turn_d_fou,  ${\Delta{\dot{{\theta_{or}}_{f}}}}_{tur}$$(s⁻¹)$",False,,,False,,,,,,,False,
tur_fov0,d_fou_at_turn_start,1.0s⁻¹,tur_fov0,${\dot{{\theta_{or}}_{f}}}_{tur}^{0}$,,,d_fou_at_turn_start,"d_fou_at_turn_start,  ${\dot{{\theta_{or}}_{f}}}_{tur}^{0}$$(s⁻¹)$",False,,,False,,,,,,,False,
tur_fov1,d_fou_at_turn_stop,1.0s⁻¹,tur_fov1,${\dot{{\theta_{or}}_{f}}}_{tur}^{1}$,,,d_fou_at_turn_stop,"d_fou_at_turn_stop,  ${\dot{{\theta_{or}}_{f}}}_{tur}^{1}$$(s⁻¹)$",False,,,False,,,,,,,False,
tur_b,turn_bend,1deg,tur_b,${\Delta{\theta_{b}}}_{tur}$,,,turn_bend,"turn_bend,  ${\Delta{\theta_{b}}}_{tur}$$(deg)$",False,,,False,,,,,,,False,
tur_b0,bend_at_turn_start,1deg,tur_b0,${\theta_{b}}_{tur}^{0}$,,,bend_at_turn_start,"bend_at_turn_start,  ${\theta_{b}}_{tur}^{0}$$(deg)$",False,,,False,,,,,,,False,
tur_b1,bend_at_turn_stop,1deg,tur_b1,${\theta_{b}}_{tur}^{1}$,,,bend_at_turn_stop,"bend_at_turn_stop,  ${\theta_{b}}_{tur}^{1}$$(deg)$",False,,,False,,,,,,,False,
tur_bv,turn_d_b,1.0s⁻¹,tur_bv,${\Delta{\dot{\theta_{b}}}}_{tur}$,,,turn_d_b,"turn_d_b,  ${\Delta{\dot{\theta_{b}}}}_{tur}$$(s⁻¹)$",False,,,False,,,,,,,False,
tur_bv0,d_b_at_turn_start,1.0s⁻¹,tur_bv0,${\dot{\theta_{b}}}_{tur}^{0}$,,,d_b_at_turn_start,"d_b_at_turn_start,  ${\dot{\theta_{b}}}_{tur}^{0}$$(s⁻¹)$",False,,,False,,,,,,,False,
tur_bv1,d_b_at_turn_stop,1.0s⁻¹,tur_bv1,${\dot{\theta_{b}}}_{tur}^{1}$,,,d_b_at_turn_stop,"d_b_at_turn_stop,  ${\dot{\theta_{b}}}_{tur}^{1}$$(s⁻¹)$",False,,,False,,,,,,,False,
tur_v,turn_velocity,1.0m·s⁻¹,tur_v,${\Delta{v}}_{tur}$,,,turn_velocity,"turn_velocity,  ${\Delta{v}}_{tur}$$(m·s⁻¹)$",False,,,False,,,,,,,False,
tur_v0,velocity_at_turn_start,1.0m·s⁻¹,tur_v0,${v}_{tur}^{0}$,,,velocity_at_turn_start,"velocity_at_turn_start,  ${v}_{tur}^{0}$$(m·s⁻¹)$",False,,,False,,,,,,,False,
tur_v1,velocity_at_turn_stop,1.0m·s⁻¹,tur_v1,${v}_{tur}^{1}$,,,velocity_at_turn_stop,"velocity_at_turn_stop,  ${v}_{tur}^{1}$$(m·s⁻¹)$",False,,,False,,,,,,,False,
tur_sv,turn_scaled_velocity,1.0s⁻¹,tur_sv,${\Delta{v^{*}}}_{tur}$,,,turn_scaled_velocity,"turn_scaled_velocity,  ${\Delta{v^{*}}}_{tur}$$(s⁻¹)$",False,,,False,,,,,,,False,
tur_sv0,scaled_velocity_at_turn_start,1.0s⁻¹,tur_sv0,${v^{*}}_{tur}^{0}$,,,scaled_velocity_at_turn_start,"scaled_velocity_at_turn_start,  ${v^{*}}_{tur}^{0}$$(s⁻¹)$",False,,,False,,,,,,,False,
tur_sv1,scaled_velocity_at_turn_stop,1.0s⁻¹,tur_sv1,${v^{*}}_{tur}^{1}$,,,scaled_velocity_at_turn_stop,"scaled_velocity_at_turn_stop,  ${v^{*}}_{tur}^{1}$$(s⁻¹)$",False,,,False,,,,,,,False,
Ltur,Lturn,1,Ltur,Ltur,,,Lturn,"Lturn,  Ltur$()$",False,,,False,,,,,,,False,
Ltur0,Lturn_start,1s,Ltur0,${t}_{Lturn}^{0}$,,,Lturn_start,"Lturn_start,  ${t}_{Lturn}^{0}$$(s)$",False,,,False,,,,,,,False,
Ltur1,Lturn_stop,1s,Ltur1,${t}_{Lturn}^{1}$,,,Lturn_stop,"Lturn_stop,  ${t}_{Lturn}^{1}$$(s)$",False,,,False,,,,,,,False,
Ltur_t,Lturn_dur,1s,Ltur_t,${\Delta{t}}_{Lturn}$,,,Lturn_dur,"Lturn_dur,  ${\Delta{t}}_{Lturn}$$(s)$",False,,,False,,,,,,,False,
Ltur_id,Lturn_id,1,Ltur_id,${idx}_{Lturn}$,,,Lturn_id,"Lturn_id,  ${idx}_{Lturn}$$()$",False,,,False,,,,,,,False,
Ltur_tr,Lturn_dur_ratio,1,Ltur_tr,${r}_{Lturn}$,,,Lturn_dur_ratio,"Lturn_dur_ratio,  ${r}_{Lturn}$$()$",False,,,False,,,,,,,False,
Ltur_N,num_Lturns,1,Ltur_N,${N}_{Lturnsigma}$,,,num_Lturns,"num_Lturns,  ${N}_{Lturnsigma}$$()$",False,,,False,,,,,,,False,
cum_Ltur_t,cum_Lturn_dur,1s,cum_Ltur_t,${{\Delta{t}}_{Lturn}}^{cum}$,,,cum_Lturn_dur,"cum_Lturn_dur,  ${{\Delta{t}}_{Lturn}}^{cum}$$(s)$",False,,,False,cum,Ltur_t,,,,,False,
Ltur_t_mu,Lturn_dur_mean,1s,Ltur_t_mu,$\bar{{\Delta{t}}_{Lturn}}$,,,Lturn_dur_mean,"Lturn_dur_mean,  $\bar{{\Delta{t}}_{Lturn}}$$(s)$",False,,,False,mean,Ltur_t,,,,,False,
Ltur_t_std,Lturn_dur_std,1s,Ltur_t_std,$\~{{\Delta{t}}_{Lturn}}$,,,Lturn_dur_std,"Lturn_dur_std,  $\~{{\Delta{t}}_{Lturn}}$$(s)$",False,,,False,std,Ltur_t,,,,,False,
Ltur_t_min,Lturn_dur_min,1s,Ltur_t_min,${{\Delta{t}}_{Lturn}}_{min}$,,,Lturn_dur_min,"Lturn_dur_min,  ${{\Delta{t}}_{Lturn}}_{min}$$(s)$",False,,,False,min,Ltur_t,,,,,False,
Ltur_t_max,Lturn_dur_max,1s,Ltur_t_max,${{\Delta{t}}_{Lturn}}_{max}$,,,Lturn_dur_max,"Lturn_dur_max,  ${{\Delta{t}}_{Lturn}}_{max}$$(s)$",False,,,False,max,Ltur_t,,,,,False,
Ltur_x,Lturn_x,0.001m,Ltur_x,${\Delta{x}}_{Ltur}$,,,Lturn_x,"Lturn_x,  ${\Delta{x}}_{Ltur}$$(m)$",False,,,False,,,,,,,False,
Ltur_x0,x_at_Lturn_start,0.001m,Ltur_x0,${x}_{Ltur}^{0}$,,,x_at_Lturn_start,"x_at_Lturn_start,  ${x}_{Ltur}^{0}$$(m)$",False,,,False,,,,,,,False,
Ltur_x1,x_at_Lturn_stop,0.001m,Ltur_x1,${x}_{Ltur}^{1}$,,,x_at_Lturn_stop,"x_at_Lturn_stop,  ${x}_{Ltur}^{1}$$(m)$",False,,,False,,,,,,,False,
Ltur_y,Lturn_y,0.001m,Ltur_y,${\Delta{y}}_{Ltur}$,,,Lturn_y,"Lturn_y,  ${\Delta{y}}_{Ltur}$$(m)$",False,,,False,,,,,,,False,
Ltur_y0,y_at_Lturn_start,0.001m,Ltur_y0,${y}_{Ltur}^{0}$,,,y_at_Lturn_start,"y_at_Lturn_start,  ${y}_{Ltur}^{0}$$(m)$",False,,,False,,,,,,,False,
Ltur_y1,y_at_Lturn_stop,0.001m,Ltur_y1,${y}_{Ltur}^{1}$,,,y_at_Lturn_stop,"y_at_Lturn_stop,  ${y}_{Ltur}^{1}$$(m)$",False,,,False,,,,,,,False,
Ltur_fo,Lturn_front_orientation,1deg,Ltur_fo,${\Delta{{\theta_{or}}_{f}}}_{Ltur}$,,,Lturn_front_orientation,"Lturn_front_orientation,  ${\Delta{{\theta_{or}}_{f}}}_{Ltur}$$(deg)$",False,,,False,,,,,,,False,
Ltur_fo0,front_orientation_at_Lturn_start,1deg,Ltur_fo0,${{\theta_{or}}_{f}}_{Ltur}^{0}$,,,front_orientation_at_Lturn_start,"front_orientation_at_Lturn_start,  ${{\theta_{or}}_{f}}_{Ltur}^{0}$$(deg)$",False,,,False,,,,,,,False,
Ltur_fo1,front_orientation_at_Lturn_stop,1deg,Ltur_fo1,${{\theta_{or}}_{f}}_{Ltur}^{1}$,,,front_orientation_at_Lturn_stop,"front_orientation_at_Lturn_stop,  ${{\theta_{or}}_{f}}_{Ltur}^{1}$$(deg)$",False,,,False,,,,,,,False,
Ltur_fou,Lturn_front_orientation_unwrapped,1deg,Ltur_fou,${\Delta{{\theta_{or}}_{f}}}_{Ltur}$,,,Lturn_front_orientation_unwrapped,"Lturn_front_orientation_unwrapped,  ${\Delta{{\theta_{or}}_{f}}}_{Ltur}$$(deg)$",False,,,False,,,,,,,False,
Ltur_fou0,front_orientation_unwrapped_at_Lturn_start,1deg,Ltur_fou0,${{\theta_{or}}_{f}}_{Ltur}^{0}$,,,front_orientation_unwrapped_at_Lturn_start,"front_orientation_unwrapped_at_Lturn_start,  ${{\theta_{or}}_{f}}_{Ltur}^{0}$$(deg)$",False,,,False,,,,,,,False,
Ltur_fou1,front_orientation_unwrapped_at_Lturn_stop,1deg,Ltur_fou1,${{\theta_{or}}_{f}}_{Ltur}^{1}$,,,front_orientation_unwrapped_at_Lturn_stop,"front_orientation_unwrapped_at_Lturn_stop,  ${{\theta_{or}}_{f}}_{Ltur}^{1}$$(deg)$",False,,,False,,,,,,,False,
Ltur_fov,Lturn_d_fou,1.0s⁻¹,Ltur_fov,${\Delta{\dot{{\theta_{or}}_{f}}}}_{Ltur}$,,,Lturn_d_fou,"Lturn_d_fou,  ${\Delta{\dot{{\theta_{or}}_{f}}}}_{Ltur}$$(s⁻¹)$",False,,,False,,,,,,,False,
Ltur_fov0,d_fou_at_Lturn_start,1.0s⁻¹,Ltur_fov0,${\dot{{\theta_{or}}_{f}}}_{Ltur}^{0}$,,,d_fou_at_Lturn_start,"d_fou_at_Lturn_start,  ${\dot{{\theta_{or}}_{f}}}_{Ltur}^{0}$$(s⁻¹)$",False,,,False,,,,,,,False,
Ltur_fov1,d_fou_at_Lturn_stop,1.0s⁻¹,Ltur_fov1,${\dot{{\theta_{or}}_{f}}}_{Ltur}^{1}$,,,d_fou_at_Lturn_stop,"d_fou_at_Lturn_stop,  ${\dot{{\theta_{or}}_{f}}}_{Ltur}^{1}$$(s⁻¹)$",False,,,False,,,,,,,False,
Ltur_b,Lturn_bend,1deg,Ltur_b,${\Delta{\theta_{b}}}_{Ltur}$,,,Lturn_bend,"Lturn_bend,  ${\Delta{\theta_{b}}}_{Ltur}$$(deg)$",False,,,False,,,,,,,False,
Ltur_b0,bend_at_Lturn_start,1deg,Ltur_b0,${\theta_{b}}_{Ltur}^{0}$,,,bend_at_Lturn_start,"bend_at_Lturn_start,  ${\theta_{b}}_{Ltur}^{0}$$(deg)$",False,,,False,,,,,,,False,
Ltur_b1,bend_at_Lturn_stop,1deg,Ltur_b1,${\theta_{b}}_{Ltur}^{1}$,,,bend_at_Lturn_stop,"bend_at_Lturn_stop,  ${\theta_{b}}_{Ltur}^{1}$$(deg)$",False,,,False,,,,,,,False,
Ltur_bv,Lturn_d_b,1.0s⁻¹,Ltur_bv,${\Delta{\dot{\theta_{b}}}}_{Ltur}$,,,Lturn_d_b,"Lturn_d_b,  ${\Delta{\dot{\theta_{b}}}}_{Ltur}$$(s⁻¹)$",False,,,False,,,,,,,False,
Ltur_bv0,d_b_at_Lturn_start,1.0s⁻¹,Ltur_bv0,${\dot{\theta_{b}}}_{Ltur}^{0}$,,,d_b_at_Lturn_start,"d_b_at_Lturn_start,  ${\dot{\theta_{b}}}_{Ltur}^{0}$$(s⁻¹)$",False,,,False,,,,,,,False,
Ltur_bv1,d_b_at_Lturn_stop,1.0s⁻¹,Ltur_bv1,${\dot{\theta_{b}}}_{Ltur}^{1}$,,,d_b_at_Lturn_stop,"d_b_at_Lturn_stop,  ${\dot{\theta_{b}}}_{Ltur}^{1}$$(s⁻¹)$",False,,,False,,,,,,,False,
Ltur_v,Lturn_velocity,1.0m·s⁻¹,Ltur_v,${\Delta{v}}_{Ltur}$,,,Lturn_velocity,"Lturn_velocity,  ${\Delta{v}}_{Ltur}$$(m·s⁻¹)$",False,,,False,,,,,,,False,
Ltur_v0,velocity_at_Lturn_start,1.0m·s⁻¹,Ltur_v0,${v}_{Ltur}^{0}$,,,velocity_at_Lturn_start,"velocity_at_Lturn_start,  ${v}_{Ltur}^{0}$$(m·s⁻¹)$",False,,,False,,,,,,,False,
Ltur_v1,velocity_at_Lturn_stop,1.0m·s⁻¹,Ltur_v1,${v}_{Ltur}^{1}$,,,velocity_at_Lturn_stop,"velocity_at_Lturn_stop,  ${v}_{Ltur}^{1}$$(m·s⁻¹)$",False,,,False,,,,,,,False,
Ltur_sv,Lturn_scaled_velocity,1.0s⁻¹,Ltur_sv,${\Delta{v^{*}}}_{Ltur}$,,,Lturn_scaled_velocity,"Lturn_scaled_velocity,  ${\Delta{v^{*}}}_{Ltur}$$(s⁻¹)$",False,,,False,,,,,,,False,
Ltur_sv0,scaled_velocity_at_Lturn_start,1.0s⁻¹,Ltur_sv0,${v^{*}}_{Ltur}^{0}$,,,scaled_velocity_at_Lturn_start,"scaled_velocity_at_Lturn_start,  ${v^{*}}_{Ltur}^{0}$$(s⁻¹)$",False,,,False,,,,,,,False,
Ltur_sv1,scaled_velocity_at_Lturn_stop,1.0s⁻¹,Ltur_sv1,${v^{*}}_{Ltur}^{1}$,,,scaled_velocity_at_Lturn_stop,"scaled_velocity_at_Lturn_stop,  ${v^{*}}_{Ltur}^{1}$$(s⁻¹)$",False,,,False,,,,,,,False,
Rtur,Rturn,1,Rtur,Rtur,,,Rturn,"Rturn,  Rtur$()$",False,,,False,,,,,,,False,
Rtur0,Rturn_start,1s,Rtur0,${t}_{Rturn}^{0}$,,,Rturn_start,"Rturn_start,  ${t}_{Rturn}^{0}$$(s)$",False,,,False,,,,,,,False,
Rtur1,Rturn_stop,1s,Rtur1,${t}_{Rturn}^{1}$,,,Rturn_stop,"Rturn_stop,  ${t}_{Rturn}^{1}$$(s)$",False,,,False,,,,,,,False,
Rtur_t,Rturn_dur,1s,Rtur_t,${\Delta{t}}_{Rturn}$,,,Rturn_dur,"Rturn_dur,  ${\Delta{t}}_{Rturn}$$(s)$",False,,,False,,,,,,,False,
Rtur_id,Rturn_id,1,Rtur_id,${idx}_{Rturn}$,,,Rturn_id,"Rturn_id,  ${idx}_{Rturn}$$()$",False,,,False,,,,,,,False,
Rtur_tr,Rturn_dur_ratio,1,Rtur_tr,${r}_{Rturn}$,,,Rturn_dur_ratio,"Rturn_dur_ratio,  ${r}_{Rturn}$$()$",False,,,False,,,,,,,False,
Rtur_N,num_Rturns,1,Rtur_N,${N}_{Rturnsigma}$,,,num_Rturns,"num_Rturns,  ${N}_{Rturnsigma}$$()$",False,,,False,,,,,,,False,
cum_Rtur_t,cum_Rturn_dur,1s,cum_Rtur_t,${{\Delta{t}}_{Rturn}}^{cum}$,,,cum_Rturn_dur,"cum_Rturn_dur,  ${{\Delta{t}}_{Rturn}}^{cum}$$(s)$",False,,,False,cum,Rtur_t,,,,,False,
Rtur_t_mu,Rturn_dur_mean,1s,Rtur_t_mu,$\bar{{\Delta{t}}_{Rturn}}$,,,Rturn_dur_mean,"Rturn_dur_mean,  $\bar{{\Delta{t}}_{Rturn}}$$(s)$",False,,,False,mean,Rtur_t,,,,,False,
Rtur_t_std,Rturn_dur_std,1s,Rtur_t_std,$\~{{\Delta{t}}_{Rturn}}$,,,Rturn_dur_std,"Rturn_dur_std,  $\~{{\Delta{t}}_{Rturn}}$$(s)$",False,,,False,std,Rtur_t,,,,,False,
Rtur_t_min,Rturn_dur_min,1s,Rtur_t_min,${{\Delta{t}}_{Rturn}}_{min}$,,,Rturn_dur_min,"Rturn_dur_min,  ${{\Delta{t}}_{Rturn}}_{min}$$(s)$",False,,,False,min,Rtur_t,,,,,False,
Rtur_t_max,Rturn_dur_max,1s,Rtur_t_max,${{\Delta{t}}_{Rturn}}_{max}$,,,Rturn_dur_max,"Rturn_dur_max,  ${{\Delta{t}}_{Rturn}}_{max}$$(s)$",False,,,False,max,Rtur_t,,,,,False,
Rtur_x,Rturn_x,0.001m,Rtur_x,${\Delta{x}}_{Rtur}$,,,Rturn_x,"Rturn_x,  ${\Delta{x}}_{Rtur}$$(m)$",False,,,False,,,,,,,False,
Rtur_x0,x_at_Rturn_start,0.001m,Rtur_x0,${x}_{Rtur}^{0}$,,,x_at_Rturn_start,"x_at_Rturn_start,  ${x}_{Rtur}^{0}$$(m)$",False,,,False,,,,,,,False,
Rtur_x1,x_at_Rturn_stop,0.001m,Rtur_x1,${x}_{Rtur}^{1}$,,,x_at_Rturn_stop,"x_at_Rturn_stop,  ${x}_{Rtur}^{1}$$(m)$",False,,,False,,,,,,,False,
Rtur_y,Rturn_y,0.001m,Rtur_y,${\Delta{y}}_{Rtur}$,,,Rturn_y,"Rturn_y,  ${\Delta{y}}_{Rtur}$$(m)$",False,,,False,,,,,,,False,
Rtur_y0,y_at_Rturn_start,0.001m,Rtur_y0,${y}_{Rtur}^{0}$,,,y_at_Rturn_start,"y_at_Rturn_start,  ${y}_{Rtur}^{0}$$(m)$",False,,,False,,,,,,,False,
Rtur_y1,y_at_Rturn_stop,0.001m,Rtur_y1,${y}_{Rtur}^{1}$,,,y_at_Rturn_stop,"y_at_Rturn_stop,  ${y}_{Rtur}^{1}$$(m)$",False,,,False,,,,,,,False,
Rtur_fo,Rturn_front_orientation,1deg,Rtur_fo,${\Delta{{\theta_{or}}_{f}}}_{Rtur}$,,,Rturn_front_orientation,"Rturn_front_orientation,  ${\Delta{{\theta_{or}}_{f}}}_{Rtur}$$(deg)$",False,,,False,,,,,,,False,
Rtur_fo0,front_orientation_at_Rturn_start,1deg,Rtur_fo0,${{\theta_{or}}_{f}}_{Rtur}^{0}$,,,front_orientation_at_Rturn_start,"front_orientation_at_Rturn_start,  ${{\theta_{or}}_{f}}_{Rtur}^{0}$$(deg)$",False,,,False,,,,,,,False,
Rtur_fo1,front_orientation_at_Rturn_stop,1deg,Rtur_fo1,${{\theta_{or}}_{f}}_{Rtur}^{1}$,,,front_orientation_at_Rturn_stop,"front_orientation_at_Rturn_stop,  ${{\theta_{or}}_{f}}_{Rtur}^{1}$$(deg)$",False,,,False,,,,,,,False,
Rtur_fou,Rturn_front_orientation_unwrapped,1deg,Rtur_fou,${\Delta{{\theta_{or}}_{f}}}_{Rtur}$,,,Rturn_front_orientation_unwrapped,"Rturn_front_orientation_unwrapped,  ${\Delta{{\theta_{or}}_{f}}}_{Rtur}$$(deg)$",False,,,False,,,,,,,False,
Rtur_fou0,front_orientation_unwrapped_at_Rturn_start,1deg,Rtur_fou0,${{\theta_{or}}_{f}}_{Rtur}^{0}$,,,front_orientation_unwrapped_at_Rturn_start,"front_orientation_unwrapped_at_Rturn_start,  ${{\theta_{or}}_{f}}_{Rtur}^{0}$$(deg)$",False,,,False,,,,,,,False,
Rtur_fou1,front_orientation_unwrapped_at_Rturn_stop,1deg,Rtur_fou1,${{\theta_{or}}_{f}}_{Rtur}^{1}$,,,front_orientation_unwrapped_at_Rturn_stop,"front_orientation_unwrapped_at_Rturn_stop,  ${{\theta_{or}}_{f}}_{Rtur}^{1}$$(deg)$",False,,,False,,,,,,,False,
Rtur_fov,Rturn_d_fou,1.0s⁻¹,Rtur_fov,${\Delta{\dot{{\theta_{or}}_{f}}}}_{Rtur}$,,,Rturn_d_fou,"Rturn_d_fou,  ${\Delta{\dot{{\theta_{or}}_{f}}}}_{Rtur}$$(s⁻¹)$",False,,,False,,,,,,,False,
Rtur_fov0,d_fou_at_Rturn_start,1.0s⁻¹,Rtur_fov0,${\dot{{\theta_{or}}_{f}}}_{Rtur}^{0}$,,,d_fou_at_Rturn_start,"d_fou_at_Rturn_start,  ${\dot{{\theta_{or}}_{f}}}_{Rtur}^{0}$$(s⁻¹)$",False,,,False,,,,,,,False,
Rtur_fov1,d_fou_at_Rturn_stop,1.0s⁻¹,Rtur_fov1,${\dot{{\theta_{or}}_{f}}}_{Rtur}^{1}$,,,d_fou_at_Rturn_stop,"d_fou_at_Rturn_stop,  ${\dot{{\theta_{or}}_{f}}}_{Rtur}^{1}$$(s⁻¹)$",False,,,False,,,,,,,False,
Rtur_b,Rturn_bend,1deg,Rtur_b,${\Delta{\theta_{b}}}_{Rtur}$,,,Rturn_bend,"Rturn_bend,  ${\Delta{\theta_{b}}}_{Rtur}$$(deg)$",False,,,False,,,,,,,False,
Rtur_b0,bend_at_Rturn_start,1deg,Rtur_b0,${\theta_{b}}_{Rtur}^{0}$,,,bend_at_Rturn_start,"bend_at_Rturn_start,  ${\theta_{b}}_{Rtur}^{0}$$(deg)$",False,,,False,,,,,,,False,
Rtur_b1,bend_at_Rturn_stop,1deg,Rtur_b1,${\theta_{b}}_{Rtur}^{1}$,,,bend_at_Rturn_stop,"bend_at_Rturn_stop,  ${\theta_{b}}_{Rtur}^{1}$$(deg)$",False,,,False,,,,,,,False,
Rtur_bv,Rturn_d_b,1.0s⁻¹,Rtur_bv,${\Delta{\dot{\theta_{b}}}}_{Rtur}$,,,Rturn_d_b,"Rturn_d_b,  ${\Delta{\dot{\theta_{b}}}}_{Rtur}$$(s⁻¹)$",False,,,False,,,,,,,False,
Rtur_bv0,d_b_at_Rturn_start,1.0s⁻¹,Rtur_bv0,${\dot{\theta_{b}}}_{Rtur}^{0}$,,,d_b_at_Rturn_start,"d_b_at_Rturn_start,  ${\dot{\theta_{b}}}_{Rtur}^{0}$$(s⁻¹)$",False,,,False,,,,,,,False,
Rtur_bv1,d_b_at_Rturn_stop,1.0s⁻¹,Rtur_bv1,${\dot{\theta_{b}}}_{Rtur}^{1}$,,,d_b_at_Rturn_stop,"d_b_at_Rturn_stop,  ${\dot{\theta_{b}}}_{Rtur}^{1}$$(s⁻¹)$",False,,,False,,,,,,,False,
Rtur_v,Rturn_velocity,1.0m·s⁻¹,Rtur_v,${\Delta{v}}_{Rtur}$,,,Rturn_velocity,"Rturn_velocity,  ${\Delta{v}}_{Rtur}$$(m·s⁻¹)$",False,,,False,,,,,,,False,
Rtur_v0,velocity_at_Rturn_start,1.0m·s⁻¹,Rtur_v0,${v}_{Rtur}^{0}$,,,velocity_at_Rturn_start,"velocity_at_Rturn_start,  ${v}_{Rtur}^{0}$$(m·s⁻¹)$",False,,,False,,,,,,,False,
Rtur_v1,velocity_at_Rturn_stop,1.0m·s⁻¹,Rtur_v1,${v}_{Rtur}^{1}$,,,velocity_at_Rturn_stop,"velocity_at_Rturn_stop,  ${v}_{Rtur}^{1}$$(m·s⁻¹)$",False,,,False,,,,,,,False,
Rtur_sv,Rturn_scaled_velocity,1.0s⁻¹,Rtur_sv,${\Delta{v^{*}}}_{Rtur}$,,,Rturn_scaled_velocity,"Rturn_scaled_velocity,  ${\Delta{v^{*}}}_{Rtur}$$(s⁻¹)$",False,,,False,,,,,,,False,
Rtur_sv0,scaled_velocity_at_Rturn_start,1.0s⁻¹,Rtur_sv0,${v^{*}}_{Rtur}^{0}$,,,scaled_velocity_at_Rturn_start,"scaled_velocity_at_Rturn_start,  ${v^{*}}_{Rtur}^{0}$$(s⁻¹)$",False,,,False,,,,,,,False,
Rtur_sv1,scaled_velocity_at_Rturn_stop,1.0s⁻¹,Rtur_sv1,${v^{*}}_{Rtur}^{1}$,,,scaled_velocity_at_Rturn_stop,"scaled_velocity_at_Rturn_stop,  ${v^{*}}_{Rtur}^{1}$$(s⁻¹)$",False,,,False,,,,,,,False,
str_c,stridechain,1,str_c,str_c,,,stridechain,"stridechain,  str_c$()$",False,,,False,,,,,,,False,
str_c0,stridechain_start,1s,str_c0,${t}_{stridechain}^{0}$,,,stridechain_start,"stridechain_start,  ${t}_{stridechain}^{0}$$(s)$",False,,,False,,,,,,,False,
str_c1,stridechain_stop,1s,str_c1,${t}_{stridechain}^{1}$,,,stridechain_stop,"stridechain_stop,  ${t}_{stridechain}^{1}$$(s)$",False,,,False,,,,,,,False,
str_c_t,stridechain_dur,1s,str_c_t,${\Delta{t}}_{stridechain}$,,,stridechain_dur,"stridechain_dur,  ${\Delta{t}}_{stridechain}$$(s)$",False,,,False,,,,,,,False,
str_c_id,stridechain_id,1,str_c_id,${idx}_{stridechain}$,,,stridechain_id,"stridechain_id,  ${idx}_{stridechain}$$()$",False,,,False,,,,,,,False,
str_c_tr,stridechain_dur_ratio,1,str_c_tr,${r}_{stridechain}$,,,stridechain_dur_ratio,"stridechain_dur_ratio,  ${r}_{stridechain}$$()$",False,,,False,,,,,,,False,
str_c_N,num_stridechains,1,str_c_N,${N}_{stridechainsigma}$,,,num_stridechains,"num_stridechains,  ${N}_{stridechainsigma}$$()$",False,,,False,,,,,,,False,
str_c_l,stridechain_length,1,str_c_l,${l}_{stridechain}$,,,stridechain_length,"stridechain_length,  ${l}_{stridechain}$$()$",False,,,False,,,,,,,False,
cum_str_c_t,cum_stridechain_dur,1s,cum_str_c_t,${{\Delta{t}}_{stridechain}}^{cum}$,,,cum_stridechain_dur,"cum_stridechain_dur,  ${{\Delta{t}}_{stridechain}}^{cum}$$(s)$",False,,,False,cum,str_c_t,,,,,False,
str_c_t_mu,stridechain_dur_mean,1s,str_c_t_mu,$\bar{{\Delta{t}}_{stridechain}}$,,,stridechain_dur_mean,"stridechain_dur_mean,  $\bar{{\Delta{t}}_{stridechain}}$$(s)$",False,,,False,mean,str_c_t,,,,,False,
str_c_t_std,stridechain_dur_std,1s,str_c_t_std,$\~{{\Delta{t}}_{stridechain}}$,,,stridechain_dur_std,"stridechain_dur_std,  $\~{{\Delta{t}}_{stridechain}}$$(s)$",False,,,False,std,str_c_t,,,,,False,
str_c_t_min,stridechain_dur_min,1s,str_c_t_min,${{\Delta{t}}_{stridechain}}_{min}$,,,stridechain_dur_min,"stridechain_dur_min,  ${{\Delta{t}}_{stridechain}}_{min}$$(s)$",False,,,False,min,str_c_t,,,,,False,
str_c_t_max,stridechain_dur_max,1s,str_c_t_max,${{\Delta{t}}_{stridechain}}_{max}$,,,stridechain_dur_max,"stridechain_dur_max,  ${{\Delta{t}}_{stridechain}}_{max}$$(s)$",False,,,False,max,str_c_t,,,,,False,
cum_str_c_l,cum_stridechain_length,1,cum_str_c_l,${{l}_{stridechain}}^{cum}$,,,cum_stridechain_length,"cum_stridechain_length,  ${{l}_{stridechain}}^{cum}$$()$",False,,,False,cum,str_c_l,,,,,False,
str_c_l_mu,stridechain_length_mean,1,str_c_l_mu,$\bar{{l}_{stridechain}}$,,,stridechain_length_mean,"stridechain_length_mean,  $\bar{{l}_{stridechain}}$$()$",False,,,False,mean,str_c_l,,,,,False,
str_c_l_std,stridechain_length_std,1,str_c_l_std,$\~{{l}_{stridechain}}$,,,stridechain_length_std,"stridechain_length_std,  $\~{{l}_{stridechain}}$$()$",False,,,False,std,str_c_l,,,,,False,
str_c_l_min,stridechain_length_min,1,str_c_l_min,${{l}_{stridechain}}_{min}$,,,stridechain_length_min,"stridechain_length_min,  ${{l}_{stridechain}}_{min}$$()$",False,,,False,min,str_c_l,,,,,False,
str_c_l_max,stridechain_length_max,1,str_c_l_max,${{l}_{stridechain}}_{max}$,,,stridechain_length_max,"stridechain_length_max,  ${{l}_{stridechain}}_{max}$$()$",False,,,False,max,str_c_l,,,,,False,
str_c_x,stridechain_x,0.001m,str_c_x,${\Delta{x}}_{str_c}$,,,stridechain_x,"stridechain_x,  ${\Delta{x}}_{str_c}$$(m)$",False,,,False,,,,,,,False,
str_c_x0,x_at_stridechain_start,0.001m,str_c_x0,${x}_{str_c}^{0}$,,,x_at_stridechain_start,"x_at_stridechain_start,  ${x}_{str_c}^{0}$$(m)$",False,,,False,,,,,,,False,
str_c_x1,x_at_stridechain_stop,0.001m,str_c_x1,${x}_{str_c}^{1}$,,,x_at_stridechain_stop,"x_at_stridechain_stop,  ${x}_{str_c}^{1}$$(m)$",False,,,False,,,,,,,False,
str_c_y,stridechain_y,0.001m,str_c_y,${\Delta{y}}_{str_c}$,,,stridechain_y,"stridechain_y,  ${\Delta{y}}_{str_c}$$(m)$",False,,,False,,,,,,,False,
str_c_y0,y_at_stridechain_start,0.001m,str_c_y0,${y}_{str_c}^{0}$,,,y_at_stridechain_start,"y_at_stridechain_start,  ${y}_{str_c}^{0}$$(m)$",False,,,False,,,,,,,False,
str_c_y1,y_at_stridechain_stop,0.001m,str_c_y1,${y}_{str_c}^{1}$,,,y_at_stridechain_stop,"y_at_stridechain_stop,  ${y}_{str_c}^{1}$$(m)$",False,,,False,,,,,,,False,
str_c_fo,stridechain_front_orientation,1deg,str_c_fo,${\Delta{{\theta_{or}}_{f}}}_{str_c}$,,,stridechain_front_orientation,"stridechain_front_orientation,  ${\Delta{{\theta_{or}}_{f}}}_{str_c}$$(deg)$",False,,,False,,,,,,,False,
str_c_fo0,front_orientation_at_stridechain_start,1deg,str_c_fo0,${{\theta_{or}}_{f}}_{str_c}^{0}$,,,front_orientation_at_stridechain_start,"front_orientation_at_stridechain_start,  ${{\theta_{or}}_{f}}_{str_c}^{0}$$(deg)$",False,,,False,,,,,,,False,
str_c_fo1,front_orientation_at_stridechain_stop,1deg,str_c_fo1,${{\theta_{or}}_{f}}_{str_c}^{1}$,,,front_orientation_at_stridechain_stop,"front_orientation_at_stridechain_stop,  ${{\theta_{or}}_{f}}_{str_c}^{1}$$(deg)$",False,,,False,,,,,,,False,
str_c_fou,stridechain_front_orientation_unwrapped,1deg,str_c_fou,${\Delta{{\theta_{or}}_{f}}}_{str_c}$,,,stridechain_front_orientation_unwrapped,"stridechain_front_orientation_unwrapped,  ${\Delta{{\theta_{or}}_{f}}}_{str_c}$$(deg)$",False,,,False,,,,,,,False,
str_c_fou0,front_orientation_unwrapped_at_stridechain_start,1deg,str_c_fou0,${{\theta_{or}}_{f}}_{str_c}^{0}$,,,front_orientation_unwrapped_at_stridechain_start,"front_orientation_unwrapped_at_stridechain_start,  ${{\theta_{or}}_{f}}_{str_c}^{0}$$(deg)$",False,,,False,,,,,,,False,
str_c_fou1,front_orientation_unwrapped_at_stridechain_stop,1deg,str_c_fou1,${{\theta_{or}}_{f}}_{str_c}^{1}$,,,front_orientation_unwrapped_at_stridechain_stop,"front_orientation_unwrapped_at_stridechain_stop,  ${{\theta_{or}}_{f}}_{str_c}^{1}$$(deg)$",False,,,False,,,,,,,False,
str_c_fov,stridechain_d_fou,1.0s⁻¹,str_c_fov,${\Delta{\dot{{\theta_{or}}_{f}}}}_{str_c}$,,,stridechain_d_fou,"stridechain_d_fou,  ${\Delta{\dot{{\theta_{or}}_{f}}}}_{str_c}$$(s⁻¹)$",False,,,False,,,,,,,False,
str_c_fov0,d_fou_at_stridechain_start,1.0s⁻¹,str_c_fov0,${\dot{{\theta_{or}}_{f}}}_{str_c}^{0}$,,,d_fou_at_stridechain_start,"d_fou_at_stridechain_start,  ${\dot{{\theta_{or}}_{f}}}_{str_c}^{0}$$(s⁻¹)$",False,,,False,,,,,,,False,
str_c_fov1,d_fou_at_stridechain_stop,1.0s⁻¹,str_c_fov1,${\dot{{\theta_{or}}_{f}}}_{str_c}^{1}$,,,d_fou_at_stridechain_stop,"d_fou_at_stridechain_stop,  ${\dot{{\theta_{or}}_{f}}}_{str_c}^{1}$$(s⁻¹)$",False,,,False,,,,,,,False,
str_c_b,stridechain_bend,1deg,str_c_b,${\Delta{\theta_{b}}}_{str_c}$,,,stridechain_bend,"stridechain_bend,  ${\Delta{\theta_{b}}}_{str_c}$$(deg)$",False,,,False,,,,,,,False,
str_c_b0,bend_at_stridechain_start,1deg,str_c_b0,${\theta_{b}}_{str_c}^{0}$,,,bend_at_stridechain_start,"bend_at_stridechain_start,  ${\theta_{b}}_{str_c}^{0}$$(deg)$",False,,,False,,,,,,,False,
str_c_b1,bend_at_stridechain_stop,1deg,str_c_b1,${\theta_{b}}_{str_c}^{1}$,,,bend_at_stridechain_stop,"bend_at_stridechain_stop,  ${\theta_{b}}_{str_c}^{1}$$(deg)$",False,,,False,,,,,,,False,
str_c_bv,stridechain_d_b,1.0s⁻¹,str_c_bv,${\Delta{\dot{\theta_{b}}}}_{str_c}$,,,stridechain_d_b,"stridechain_d_b,  ${\Delta{\dot{\theta_{b}}}}_{str_c}$$(s⁻¹)$",False,,,False,,,,,,,False,
str_c_bv0,d_b_at_stridechain_start,1.0s⁻¹,str_c_bv0,${\dot{\theta_{b}}}_{str_c}^{0}$,,,d_b_at_stridechain_start,"d_b_at_stridechain_start,  ${\dot{\theta_{b}}}_{str_c}^{0}$$(s⁻¹)$",False,,,False,,,,,,,False,
str_c_bv1,d_b_at_stridechain_stop,1.0s⁻¹,str_c_bv1,${\dot{\theta_{b}}}_{str_c}^{1}$,,,d_b_at_stridechain_stop,"d_b_at_stridechain_stop,  ${\dot{\theta_{b}}}_{str_c}^{1}$$(s⁻¹)$",False,,,False,,,,,,,False,
str_c_v,stridechain_velocity,1.0m·s⁻¹,str_c_v,${\Delta{v}}_{str_c}$,,,stridechain_velocity,"stridechain_velocity,  ${\Delta{v}}_{str_c}$$(m·s⁻¹)$",False,,,False,,,,,,,False,
str_c_v0,velocity_at_stridechain_start,1.0m·s⁻¹,str_c_v0,${v}_{str_c}^{0}$,,,velocity_at_stridechain_start,"velocity_at_stridechain_start,  ${v}_{str_c}^{0}$$(m·s⁻¹)$",False,,,False,,,,,,,False,
str_c_v1,velocity_at_stridechain_stop,1.0m·s⁻¹,str_c_v1,${v}_{str_c}^{1}$,,,velocity_at_stridechain_stop,"velocity_at_stridechain_stop,  ${v}_{str_c}^{1}$$(m·s⁻¹)$",False,,,False,,,,,,,False,
str_c_sv,stridechain_scaled_velocity,1.0s⁻¹,str_c_sv,${\Delta{v^{*}}}_{str_c}$,,,stridechain_scaled_velocity,"stridechain_scaled_velocity,  ${\Delta{v^{*}}}_{str_c}$$(s⁻¹)$",False,,,False,,,,,,,False,
str_c_sv0,scaled_velocity_at_stridechain_start,1.0s⁻¹,str_c_sv0,${v^{*}}_{str_c}^{0}$,,,scaled_velocity_at_stridechain_start,"scaled_velocity_at_stridechain_start,  ${v^{*}}_{str_c}^{0}$$(s⁻¹)$",False,,,False,,,,,,,False,
str_c_sv1,scaled_velocity_at_stridechain_stop,1.0s⁻¹,str_c_sv1,${v^{*}}_{str_c}^{1}$,,,scaled_velocity_at_stridechain_stop,"scaled_velocity_at_stridechain_stop,  ${v^{*}}_{str_c}^{1}$$(s⁻¹)$",False,,,False,,,,,,,False,
fee_c,feedchain,1,fee_c,fee_c,,,feedchain,"feedchain,  fee_c$()$",False,,,False,,,,,,,False,
fee_c0,feedchain_start,1s,fee_c0,${t}_{feedchain}^{0}$,,,feedchain_start,"feedchain_start,  ${t}_{feedchain}^{0}$$(s)$",False,,,False,,,,,,,False,
fee_c1,feedchain_stop,1s,fee_c1,${t}_{feedchain}^{1}$,,,feedchain_stop,"feedchain_stop,  ${t}_{feedchain}^{1}$$(s)$",False,,,False,,,,,,,False,
fee_c_t,feedchain_dur,1s,fee_c_t,${\Delta{t}}_{feedchain}$,,,feedchain_dur,"feedchain_dur,  ${\Delta{t}}_{feedchain}$$(s)$",False,,,False,,,,,,,False,
fee_c_id,feedchain_id,1,fee_c_id,${idx}_{feedchain}$,,,feedchain_id,"feedchain_id,  ${idx}_{feedchain}$$()$",False,,,False,,,,,,,False,
fee_c_tr,feedchain_dur_ratio,1,fee_c_tr,${r}_{feedchain}$,,,feedchain_dur_ratio,"feedchain_dur_ratio,  ${r}_{feedchain}$$()$",False,,,False,,,,,,,False,
fee_c_N,num_feedchains,1,fee_c_N,${N}_{feedchainsigma}$,,,num_feedchains,"num_feedchains,  ${N}_{feedchainsigma}$$()$",False,,,False,,,,,,,False,
fee_c_l,feedchain_length,1,fee_c_l,${l}_{feedchain}$,,,feedchain_length,"feedchain_length,  ${l}_{feedchain}$$()$",False,,,False,,,,,,,False,
cum_fee_c_t,cum_feedchain_dur,1s,cum_fee_c_t,${{\Delta{t}}_{feedchain}}^{cum}$,,,cum_feedchain_dur,"cum_feedchain_dur,  ${{\Delta{t}}_{feedchain}}^{cum}$$(s)$",False,,,False,cum,fee_c_t,,,,,False,
fee_c_t_mu,feedchain_dur_mean,1s,fee_c_t_mu,$\bar{{\Delta{t}}_{feedchain}}$,,,feedchain_dur_mean,"feedchain_dur_mean,  $\bar{{\Delta{t}}_{feedchain}}$$(s)$",False,,,False,mean,fee_c_t,,,,,False,
fee_c_t_std,feedchain_dur_std,1s,fee_c_t_std,$\~{{\Delta{t}}_{feedchain}}$,,,feedchain_dur_std,"feedchain_dur_std,  $\~{{\Delta{t}}_{feedchain}}$$(s)$",False,,,False,std,fee_c_t,,,,,False,
fee_c_t_min,feedchain_dur_min,1s,fee_c_t_min,${{\Delta{t}}_{feedchain}}_{min}$,,,feedchain_dur_min,"feedchain_dur_min,  ${{\Delta{t}}_{feedchain}}_{min}$$(s)$",False,,,False,min,fee_c_t,,,,,False,
fee_c_t_max,feedchain_dur_max,1s,fee_c_t_max,${{\Delta{t}}_{feedchain}}_{max}$,,,feedchain_dur_max,"feedchain_dur_max,  ${{\Delta{t}}_{feedchain}}_{max}$$(s)$",False,,,False,max,fee_c_t,,,,,False,
cum_fee_c_l,cum_feedchain_length,1,cum_fee_c_l,${{l}_{feedchain}}^{cum}$,,,cum_feedchain_length,"cum_feedchain_length,  ${{l}_{feedchain}}^{cum}$$()$",False,,,False,cum,fee_c_l,,,,,False,
fee_c_l_mu,feedchain_length_mean,1,fee_c_l_mu,$\bar{{l}_{feedchain}}$,,,feedchain_length_mean,"feedchain_length_mean,  $\bar{{l}_{feedchain}}$$()$",False,,,False,mean,fee_c_l,,,,,False,
fee_c_l_std,feedchain_length_std,1,fee_c_l_std,$\~{{l}_{feedchain}}$,,,feedchain_length_std,"feedchain_length_std,  $\~{{l}_{feedchain}}$$()$",False,,,False,std,fee_c_l,,,,,False,
fee_c_l_min,feedchain_length_min,1,fee_c_l_min,${{l}_{feedchain}}_{min}$,,,feedchain_length_min,"feedchain_length_min,  ${{l}_{feedchain}}_{min}$$()$",False,,,False,min,fee_c_l,,,,,False,
fee_c_l_max,feedchain_length_max,1,fee_c_l_max,${{l}_{feedchain}}_{max}$,,,feedchain_length_max,"feedchain_length_max,  ${{l}_{feedchain}}_{max}$$()$",False,,,False,max,fee_c_l,,,,,False,
fee_c_x,feedchain_x,0.001m,fee_c_x,${\Delta{x}}_{fee_c}$,,,feedchain_x,"feedchain_x,  ${\Delta{x}}_{fee_c}$$(m)$",False,,,False,,,,,,,False,
fee_c_x0,x_at_feedchain_start,0.001m,fee_c_x0,${x}_{fee_c}^{0}$,,,x_at_feedchain_start,"x_at_feedchain_start,  ${x}_{fee_c}^{0}$$(m)$",False,,,False,,,,,,,False,
fee_c_x1,x_at_feedchain_stop,0.001m,fee_c_x1,${x}_{fee_c}^{1}$,,,x_at_feedchain_stop,"x_at_feedchain_stop,  ${x}_{fee_c}^{1}$$(m)$",False,,,False,,,,,,,False,
fee_c_y,feedchain_y,0.001m,fee_c_y,${\Delta{y}}_{fee_c}$,,,feedchain_y,"feedchain_y,  ${\Delta{y}}_{fee_c}$$(m)$",False,,,False,,,,,,,False,
fee_c_y0,y_at_feedchain_start,0.001m,fee_c_y0,${y}_{fee_c}^{0}$,,,y_at_feedchain_start,"y_at_feedchain_start,  ${y}_{fee_c}^{0}$$(m)$",False,,,False,,,,,,,False,
fee_c_y1,y_at_feedchain_stop,0.001m,fee_c_y1,${y}_{fee_c}^{1}$,,,y_at_feedchain_stop,"y_at_feedchain_stop,  ${y}_{fee_c}^{1}$$(m)$",False,,,False,,,,,,,False,
fee_c_fo,feedchain_front_orientation,1deg,fee_c_fo,${\Delta{{\theta_{or}}_{f}}}_{fee_c}$,,,feedchain_front_orientation,"feedchain_front_orientation,  ${\Delta{{\theta_{or}}_{f}}}_{fee_c}$$(deg)$",False,,,False,,,,,,,False,
fee_c_fo0,front_orientation_at_feedchain_start,1deg,fee_c_fo0,${{\theta_{or}}_{f}}_{fee_c}^{0}$,,,front_orientation_at_feedchain_start,"front_orientation_at_feedchain_start,  ${{\theta_{or}}_{f}}_{fee_c}^{0}$$(deg)$",False,,,False,,,,,,,False,
fee_c_fo1,front_orientation_at_feedchain_stop,1deg,fee_c_fo1,${{\theta_{or}}_{f}}_{fee_c}^{1}$,,,front_orientation_at_feedchain_stop,"front_orientation_at_feedchain_stop,  ${{\theta_{or}}_{f}}_{fee_c}^{1}$$(deg)$",False,,,False,,,,,,,False,
fee_c_fou,feedchain_front_orientation_unwrapped,1deg,fee_c_fou,${\Delta{{\theta_{or}}_{f}}}_{fee_c}$,,,feedchain_front_orientation_unwrapped,"feedchain_front_orientation_unwrapped,  ${\Delta{{\theta_{or}}_{f}}}_{fee_c}$$(deg)$",False,,,False,,,,,,,False,
fee_c_fou0,front_orientation_unwrapped_at_feedchain_start,1deg,fee_c_fou0,${{\theta_{or}}_{f}}_{fee_c}^{0}$,,,front_orientation_unwrapped_at_feedchain_start,"front_orientation_unwrapped_at_feedchain_start,  ${{\theta_{or}}_{f}}_{fee_c}^{0}$$(deg)$",False,,,False,,,,,,,False,
fee_c_fou1,front_orientation_unwrapped_at_feedchain_stop,1deg,fee_c_fou1,${{\theta_{or}}_{f}}_{fee_c}^{1}$,,,front_orientation_unwrapped_at_feedchain_stop,"front_orientation_unwrapped_at_feedchain_stop,  ${{\theta_{or}}_{f}}_{fee_c}^{1}$$(deg)$",False,,,False,,,,,,,False,
fee_c_fov,feedchain_d_fou,1.0s⁻¹,fee_c_fov,${\Delta{\dot{{\theta_{or}}_{f}}}}_{fee_c}$,,,feedchain_d_fou,"feedchain_d_fou,  ${\Delta{\dot{{\theta_{or}}_{f}}}}_{fee_c}$$(s⁻¹)$",False,,,False,,,,,,,False,
fee_c_fov0,d_fou_at_feedchain_start,1.0s⁻¹,fee_c_fov0,${\dot{{\theta_{or}}_{f}}}_{fee_c}^{0}$,,,d_fou_at_feedchain_start,"d_fou_at_feedchain_start,  ${\dot{{\theta_{or}}_{f}}}_{fee_c}^{0}$$(s⁻¹)$",False,,,False,,,,,,,False,
fee_c_fov1,d_fou_at_feedchain_stop,1.0s⁻¹,fee_c_fov1,${\dot{{\theta_{or}}_{f}}}_{fee_c}^{1}$,,,d_fou_at_feedchain_stop,"d_fou_at_feedchain_stop,  ${\dot{{\theta_{or}}_{f}}}_{fee_c}^{1}$$(s⁻¹)$",False,,,False,,,,,,,False,
fee_c_b,feedchain_bend,1deg,fee_c_b,${\Delta{\theta_{b}}}_{fee_c}$,,,feedchain_bend,"feedchain_bend,  ${\Delta{\theta_{b}}}_{fee_c}$$(deg)$",False,,,False,,,,,,,False,
fee_c_b0,bend_at_feedchain_start,1deg,fee_c_b0,${\theta_{b}}_{fee_c}^{0}$,,,bend_at_feedchain_start,"bend_at_feedchain_start,  ${\theta_{b}}_{fee_c}^{0}$$(deg)$",False,,,False,,,,,,,False,
fee_c_b1,bend_at_feedchain_stop,1deg,fee_c_b1,${\theta_{b}}_{fee_c}^{1}$,,,bend_at_feedchain_stop,"bend_at_feedchain_stop,  ${\theta_{b}}_{fee_c}^{1}$$(deg)$",False,,,False,,,,,,,False,
fee_c_bv,feedchain_d_b,1.0s⁻¹,fee_c_bv,${\Delta{\dot{\theta_{b}}}}_{fee_c}$,,,feedchain_d_b,"feedchain_d_b,  ${\Delta{\dot{\theta_{b}}}}_{fee_c}$$(s⁻¹)$",False,,,False,,,,,,,False,
fee_c_bv0,d_b_at_feedchain_start,1.0s⁻¹,fee_c_bv0,${\dot{\theta_{b}}}_{fee_c}^{0}$,,,d_b_at_feedchain_start,"d_b_at_feedchain_start,  ${\dot{\theta_{b}}}_{fee_c}^{0}$$(s⁻¹)$",False,,,False,,,,,,,False,
fee_c_bv1,d_b_at_feedchain_stop,1.0s⁻¹,fee_c_bv1,${\dot{\theta_{b}}}_{fee_c}^{1}$,,,d_b_at_feedchain_stop,"d_b_at_feedchain_stop,  ${\dot{\theta_{b}}}_{fee_c}^{1}$$(s⁻¹)$",False,,,False,,,,,,,False,
fee_c_v,feedchain_velocity,1.0m·s⁻¹,fee_c_v,${\Delta{v}}_{fee_c}$,,,feedchain_velocity,"feedchain_velocity,  ${\Delta{v}}_{fee_c}$$(m·s⁻¹)$",False,,,False,,,,,,,False,
fee_c_v0,velocity_at_feedchain_start,1.0m·s⁻¹,fee_c_v0,${v}_{fee_c}^{0}$,,,velocity_at_feedchain_start,"velocity_at_feedchain_start,  ${v}_{fee_c}^{0}$$(m·s⁻¹)$",False,,,False,,,,,,,False,
fee_c_v1,velocity_at_feedchain_stop,1.0m·s⁻¹,fee_c_v1,${v}_{fee_c}^{1}$,,,velocity_at_feedchain_stop,"velocity_at_feedchain_stop,  ${v}_{fee_c}^{1}$$(m·s⁻¹)$",False,,,False,,,,,,,False,
fee_c_sv,feedchain_scaled_velocity,1.0s⁻¹,fee_c_sv,${\Delta{v^{*}}}_{fee_c}$,,,feedchain_scaled_velocity,"feedchain_scaled_velocity,  ${\Delta{v^{*}}}_{fee_c}$$(s⁻¹)$",False,,,False,,,,,,,False,
fee_c_sv0,scaled_velocity_at_feedchain_start,1.0s⁻¹,fee_c_sv0,${v^{*}}_{fee_c}^{0}$,,,scaled_velocity_at_feedchain_start,"scaled_velocity_at_feedchain_start,  ${v^{*}}_{fee_c}^{0}$$(s⁻¹)$",False,,,False,,,,,,,False,
fee_c_sv1,scaled_velocity_at_feedchain_stop,1.0s⁻¹,fee_c_sv1,${v^{*}}_{fee_c}^{1}$,,,scaled_velocity_at_feedchain_stop,"scaled_velocity_at_feedchain_stop,  ${v^{*}}_{fee_c}^{1}$$(s⁻¹)$",False,,,False,,,,,,,False,
